ID,Title,Singer(s),Lyricist,Musician,Album,Released Year,Lyrics,Metaphor,Source Domain,Target Domain,Meaning
1,ඔබයි රම්‍ය සඳ කිරණ,Nanda Malini,Sunil Ariyaratne,H. M. Jayawardena,සත්‍යයේ ගීතය,1984,"ඔබයි රම්‍ය සඳ කිරණ ඝණ අන්ධකාරේ
ඔබයි සෞම්ය තරැ එළිය ගිම්හාන කාලේ
ඔබයි රම්‍ය සඳ කිරණ ඝණ අන්ධකාරේ
ඔබයි සෞම්ය තරැ එළිය ගිම්හාන කාලේ

සදානන්ද කරවු ඔබේ මධුර රාවෙන්
පිපී ආමි අරවින්දයක් සේ තඩාගේ
ප්රේමය නම් කිමැයි ඔබ මට කියා දුන්නෙහිය
දැන් මගේ පරමාර්ථය ඔබය
මගේ පරමාදර්ශය ඔබය
මගේ ඒකායන ප්රාර්ථනයද ඔබය

ඔබයි රම්‍ය සඳ කිරණ ඝණ අන්ධකාරේ
ඔබයි සෞම්ය තරැ එළිය ගිම්හාන කාලේ

උදාවු සුපෙම් දම් නුසුන් වී රැඳේවා
මගේ පුංචි ලොකේ තැවුල් දුක් නොවේවා
ප්රේමයේ ද්වාරය ඔබ මට විවර කලෙහිය
දැන් මගේ අතීතය ඔබය
මගේ වර්තමානය ඔබය
උත්තරීතර අනාගතයද ඔබය

ඔබයි රම්‍ය සඳ කිරණ ඝණ අන්ධකාරේ...",ඔබයි රම්‍ය සඳ කිරණ ඝණ අන්ධකාරේ,Moon,Girls,You brightens up my world
2,මියුරු කල්පනා,Victor Rathnayake,Premakeerthi de Alwis,Sarath Dassanayake,වික්ටර් රත්නායක ගී දැහැන,1985,"මියුරු කල්පනා නෙතක දැල්වුණා
අමයුරු රස හසකැන් මැද හිතක් හිනැහුණා
වරෙක නැළවුණා වරෙක ලතැවුණා
නුපුරුදු ගිනි දහසක් මැද සිතක් මැළවුණා
මියුරු කල්පනා...

හිමගිර මට වැලි අහුරකි
මහ සමුදුර දිය රැල්ලකි
හිමගිර මට වැලි අහුරකි
මහ සමුදුර දිය රැල්ලකි
කටු අකුලෙන් මල් පුබුදමි
ඔබ සැනසේ නම්...

මියුරු කල්පනා නෙතක දැල්වුණා
අමයුරු රස හසකැන් මැද හිතක් හිනැහුණා
මියුරු කල්පනා...

පිනි බිඳකින් මුතු අමුණමි
දිනිසුරුගෙන් සීතල දෙමි
පිනි බිඳකින් මුතු අමුණමි
දිනිසුරුගෙන් සීතල දෙමි
කඩු තුඩු මත සැතපෙන්නෙමි
ඔබ සැනසේ නම්...

මියුරු කල්පනා නෙතක දැල්වුණා...",මහ සමුදුර දිය රැල්ලකි,Ocean,Tributaries,I can do anything for your comfort
3,මට මුළු ලොවම ඔබයි,Rookantha Gunathilake & Chandralekha Perera,Kularatne Ariyawansa,Rohana Weerasinghe,මට මුළු ලොවම ඔබයි,1982,"මට මුළු ලොවම ඔබයි
මගේ මුළු ලොවම ඔබයි
සිනහව කඳුළ ඔබයි
ජය පැරදුමත් ඔබයි

මට මුළු ලොවම ඔබයි...

ඔබ ළඟ නැති විට හිරු සදු මිලිනව
ලෝකය නවතිනවා
සුසුමක සිරවී හදවත නවතිනවා
සුසුමක සිරවී හදවත නවතිනවා

මට මුළු ලොවම ඔබයි...

ඔබ ළඟ ඇති විට විකසිත වන ලොව
පිබිදී හිනැහෙනවා
හද ගැබ සහසක් මල් යලි පිබිදෙනවා
හද ගැබ සහසක් මල් යලි පිබිදෙනවා

මට මුළු ලොවම ඔබයි...//",මට මුළු ලොවම ඔබයි,World,Girls,You are my whole world
4,හීනයකි මට ආදරේ,Kasun Kalhara & Uresha Ravihari,Upul Shantha Sannasgala,Navarathna Gamage,ආදරණීය වස්සානය (Film),2004,"හා.. හා.. හා.. හා..
හ්ම්.. හ්ම්.. හ්ම්..

හීනයකි මට ආදරේ
හැඟෙනවා මට ජීවිතේ
හිනයට ළඟ ජිවිතේ
හැඟෙනවා ඔබෙ ආදරේ

වැටෙනකොට කඳුළු ඇවිලිලා
සුවඳ මල් පෙති පරවෙලා
සුවඳ මල් පෙති පරවෙලා
වස්සාන සිහිනේ ඇවිලිලා

සුසුමේ තවරා සැඟවු සිහිනේ
සුසුමේ තවරා සැඟවු සිහිනේ
ආ....ආ....ආ....ආදරණීය වස්සානේ
ආ....ආ....ආ....ආදරණීය වස්සානේ
ආ....ආ....ආ....ආදරණීය වස්සානේ
ආ....ආ....ආ....ආදරණීය වස්සානේ",හීනයකි මට ආදරේ,Dreams & Imaginations,Emotions,Love is a dream to me
5,අපි එකම රෑනෙ කුරුල්ලෝ,Wijesundara Weragoda,Ven. Elle Gunawansa Thero,Wijesundara Weragoda,අපි එකම රෑනෙ කුරුල්ලෝ,2012,"අපි එකම රෑනේ කුරුල්ලෝ
අපි එකම රෑනේ කුරුල්ලෝ
මේ පාරා..දීසේ......
නෑ වෙන්වන්නේ.. නෑ තනිවෙන්නේ
වරෙල්ලා.... මේ රෑනේ
වරෙල්ලා.... මේ රෑනේ

මදු තියලා
දැල් එළලා
නෑ පැටලෙන්නෙ අපී
අපේම ලොවකට පියඹා යන්නේ
වරෙල්ලා.... මේ රෑනේ
වරෙල්ලා.... මේ රෑනේ

අපි එකම රෑනේ කුරුල්ලෝ...

තටු ලැබුනේ
පියඹා යන්නයි
කූඩුව දොරකඩ ඉන්.න නොවෙයි
අපේම ලොවකට පියඹා යන්නේ
වරෙල්ලා.... මේ රෑනේ
වරෙල්ලා.... මේ රෑනේ

අපි එකම රෑනේ කුරුල්ලෝ
අපි එකම රෑනේ කුරුල්ලෝ
මේ පාරා..දීසේ......
නෑ වෙන්වන්නේ.. නෑ තනිවෙන්නේ
වරෙල්ලා.... මේ රෑනේ
වරෙල්ලා.... මේ රෑනේ
වරෙල්ලා.... මේ රෑනේ",අපි එකම රෑනෙ කුරුල්ලෝ,Animals,People,We are unite as birds of the same flock
6,ලියතඹරා,Athma Liyanage,Rohana Jayasinghe,Athma Liyanage,ලියතඹරා,1989,"ලියතඹරා.... මුදු කුසුමකී ඈ
තව්සන්ගේ.... දෑහෙනේ සම විදිනා
නෑ ලොකේ ජීවේ ඈයයි...
නෑ ලොකේ ජීවේ ඈයයි....//

මායාව මායාව  ලොව රවටනා
සිහිනයකි සිහිනයකි අදුරේ පාවෙනා
වීනාවේ තත් අතර මුදු ස්වරේ ඈයමයි
ම හදට රස ගෙනෙන මදූවිත ඈයයි

ලියතඹරා.... //

මිරිගුවකි මිරිගුවකි අප රවටනා
දුර ඈත සිතිජයකි ඉම නොපෙනෙනා
නිල් නයන බිගු දෑලකිනෙත් සරය සුමුදුයි
මගෙ ජීවේ වෑලි කතරේ දිය බිද ඈයයි

ලියතඹරා.... //",ලියතඹරා.... මුදු කුසුමකී ඈ,Flowers,Girls,She is beautiful and soft as a flower
7,මී වදයකි ජීවිතේ,C. T. Fernando,Karunaratne Abeysekera,Sisira Senaratne,කවුද හරි (Film),1969,"මී වදයකි ජීවිතේ
මී පැණි පිරීලා ඇතේ
මත්‌ වීලා ගුම්‌ ගුම්‌ නද දීලා
සැනසෙමු අපි හිතුමතේ

මලින්‌ මලට පියඹමු
තුඩින්‌ තුඩට රොන්‌ ගමු
ලියන්‌ තමා රස ඉහිරෙන මල්‌ වැල්‌
ඔවුන්‌ සොයා ගෙන යමු

හිරැ නාවාදෙන්‌ සඳ ගිලුනාදෙන්‌
ඉන්නා ටික කාලෙදී
රසට රසක්‌ වි මිහිරට එක්‌ වී
අපි වෙමු මී මැසි පොදී

මී මැස්සෝ.. ඔබයි මමයි..
මී මැස්සියෝ.. ළඳුන්‌ තමයි
මී මැස්සෝ (මී මැස්සෝ) ඔබයි මමයි (ඔබයි මමයි)
මී මැස්සියෝ.. ළඳුන්‌ තමයි

මී වදයකි ජීවිතේ...

ලස්සන දේ ගැන ඇස්‌ ඇදිලා යයි
සිරිබර විසිතුරු ලොවේ
දකින දැකුම්‌ සිත වසඟ කරාලයි
දෑසට දෙයි රස සුචේ

සන්තෝසෙයි.. දුකයි සැපයි..
සාදා දෙන්නේ.. අපේ සිතයි
සන්තෝසෙයි (සන්තෝසෙයි) දුකයි සැපයි (දුකයි සැපයි)
සාදා දෙන්නේ.. අපේ සිතයි

මී වදයකි ජීවිතේ...

මලින්‌ මලට පියඹමු
තුඩින්‌ තුඩට රොන්‌ ගමු
ලියන්‌ තමා රස ඉහිරෙන මල්‌ වැල්‌
ඔවුන්‌ සොයා ගෙන යමු
ඔවුන්‌ සොයා ගෙන යමු
ඔවුන්‌ සොයා ගෙන යමු
ඔවුන්‌ සොයා ගෙන යමු
ඔවුන්‌ සොයා ගෙන යමු...",මී වදයකි ජීවිතේ,Honeycomb,Life,Life is fun and enjoyable
8,අම්මා සඳකි,T. M. Jayarathna,Malani Jayarathna,Rohana Weerasinghe,සොඳුරු අතීතයෙ ,2011,"අම්මා සඳකි මම ඒ ලොව හිරුය රිදී
ඒ ඉර හදෙන් නුඹෙ ලෝකය එළිය වුනි
රැකුමට පුතුන් දිවියේ දුක් ගැහැට විදී
පිය සෙනෙහසට කව් ගී ලියැවුනා මදී

සිරුරේ දුවන්නේ මගෙ ලේ නොවැ පුතුනේ
කුසයේ නොදැරුවත් දිවි බර මට රැදුනේ
මහ මෙරකට උසයි දරු පෙම හදපතුලේ
පුදුමයි පුතුනි කිම මගෙ ලේ කිරි නොවුනේ

මවකට මුවාවී නුඹවෙත දිවි දුන්නේ
මම වෙමි පුතුනි එය මා පමණයි දන්නේ
පියසෙනෙහස නැතිද දරුවනි හදුනන්නේ
අම්මාවරුන් පමණද මතු බුදු වන්නේ",අම්මා සඳකි,Moon,Mothers,Mother is beloved and soft-hearted
9,කවිය ඔබ,Deepika Priyadarshani,Sunil R. Gamage,Rohana Weerasinghe,කවිය ඔබ,1990,"කවිය ඔබ
තුන් තිස් පැයක් නිදි වරා වෙහෙසී
සිත දෙගිඩියාවෙන් තවම නොලියූ
කවිය ඔබ කවිය ඔබ

පද එකින් එක ලියවා
සිත කුරුටු ගා මැකුවා
ඔබ ලියූ කවි කියවා
මං අසරණව උන්නා
යෞවනේ...
තනිකමක් දැනෙනා මොහොතක
සිත ඉකි ගසා හැඩුවා

කවිය ඔබ...

හොර ඇහින් ඉගි කරලා
සද මගෙන් සමු ගත්තා
කවිපොතම පොඩි කරදා
නිදියන්න මට හිතුනා
යෞවනේ...
අත ලහින් හිදිනා මොහොතක
දුර ඈත බව දැනුනා

කවිය ඔබ...",කවිය ඔබ,Poem,Girls,You are the poem of my life
10,දුවේ නුඹ මගෙ,Sunil Edirisinghe,Bandara Eheliyagoda,Rohana Weerasinghe,දුවේ නුඹ මගෙ,1992,"දුවේ නුඹ මගෙ ප්‍රාණයයි
සැබෑ වුණ සුබ සිහිනයයි
සෙනෙහසින් කුලගෙට පියනගන්නේ
සනුහරේ අභිමානයයි //

මං මලක් ලෙස නුඹ නොහැදුවේ
පෙති හැලී පරවෙන නිසාමයි
දුක දිනා හිනැහෙන හැටි දුවේ
නුඹ දැන උගත් පාඩම තමයි
මිල මුදල නිල බල යා නොදෙයි //
කළ හොඳම විතරක් ඉතිරිවෙයි //

දුවේ නුඹ මගෙ...

අප මී මුතුන් මිත්තන් එදා
සිය ලේ කඳුළු දහදිය පුදා
පරපුරෙන් පරපුරට රැගෙන ආ
ඒ ගෞරවය මගෙ දුව තමා
නුඹ යන්නෙ හිස් දෑතින් නොවේ //
ගෙනියන්නෙ ඒ අභිමානයයි //

දුවේ නුඹ මගෙ...",දුවේ නුඹ මගෙ ප්‍රාණයයි,Life,Girls,A Daughter is the life of a father
11,ඔබ අසා සිටි නම්,Nelu Adhikari,Mahinda Dissanayake,Rohana Weerasinghe,සයුරේ රළ සේ ,2002,"ඔබ අසා සිටි නම්
මම මෙසේ කියන්නම්
මගෙ හිතෙ ඔබට තිබෙන ආදරේ තරම්

ඔබ අසා සිටි නම්
මම මෙසේ කියන්නම්
මගෙ හිතෙ ඔබට තිබෙන ආදරේ තරම්

අපාර මහ සාගරේ
අපාර මහ සාගරේ නැගෙන රැලි තරම්
ඔබට තිබෙන ආදරේ
ප්‍රියේ ඒ තරම්

ඔබ අසා සිටි නම්...

අපරිමාණ අම්බරේ
අපරිමාණ අම්බරේ දිලෙන තරු තරම්
ඔබට තිබෙන ආදරේ
ප්‍රියේ ඒ තරම්

ඔබ අසා සිටි නම්...

වනන්තරේ නිරන්තරේ
වනන්තරේ නිරන්තරේ පිපෙන මල් තරම්
ඔබට තිබෙන ආදරේ
ප්‍රියේ ඒ තරම්

ඔබ අසා සිටි නම් මම මෙසේ කියන්නම්...//",අපාර මහ සාගරේ නැගෙන රැලි තරම්,Ocean,Love,My love for you is like the waves in the vast ocean
12,පරසතු කුසුමක්‌,Deepika Priyadarshan & Rohana Weerasinghe,Bandula Nanayakkarawasam,Rohana Weerasinghe,පරසතු කුසුමක්‌,2012,"පරසතු කුසුමක්‌ මා තුරුළට ආවා
ලෝකය මොහොතක්‌ නතර වුණා
දියණි දෙනෙත්‌ සැලුණා
අප යළිදු උපන්නා ඒ දියණි නිසා

උයන්‌ පුරා මල්‌ සුවඳ ඉසිනවා
රැවන්‌ වලාවන්‌ යහන සදනවා
ඇසින්‌ කඳුළු වී සතුට ගලනවා
සුරන්‌ සමඟ දූ කමරි නිදනවා.../ /

පරසතු කුසුමක්‌...

සවිදි සියළු යස ඉසුරැ කිරැළඑලා
නොවිඳි මහිම දියණිය ගගෙන එනවා
ලොවම එරෙහි වෙද ඒ දුක පිසදා
දියණි යළිදු අපගේ ලොව වෙනවා.../ /

පරසතු කුසුමක්‌...",පරසතු කුසුමක්‌,Flowers,Girls,Daughter is soft as a flower when they are young
13,පුර පෝය හඳට,Sunil Edirisinghe,Sunil R. Gamage,H. M. Jayawardena,පුර පෝය හඳට,1991,"පුර පෝය හඳට පෙමින් බැඳුනු තාරකා ලඳුන්
ගී හඬින් කියන පෙම් කතාව අසාගෙන වරෙන්
නීල වළාවෙි..ඇගෙ පෙම් කතාව අසාගෙන වරෙන්...//

මුතු මාල පොටක් ගෙලේ බඳින දා
සිත කෝල සිතුම් එබී බලන දා
රෑ නින්ද නැතිව හීන දුටුව දා
හිත ආදරයක බැඳුනිද මන්දා

පුර පෝය හඳට...

රන් තොරණ බැඳී මග සරසන දා
හද රබන් සුරල් හඬින් වැයෙන දා
නෑ හිත මිතුරන් සිනා පුරන දා
හිත ආදරයක බැඳුනිද මන්දා

පුර පෝය හඳට...",තාරකා ලඳුන්,Girls,Stars,Stars which are in love with the full moon 
14,වන්නි වන පෙතේ,Sunil Edirisinghe,Bandara Eheliyagoda,Rohana Weerasinghe,ජීවිතය කවියක්,1990,"වන්නි වන පෙතේ
ගම් දනව් පුරා නිවහන වංක ගිරි වනේ
වෙසතුරු සදිසි පියවරුන්
අත් මුදුන් තබා බැතියෙන් වන්දනා කරම්...//

කන්ට බෑ කියා - තනියම එන්ට යයි කියා
ගමටම බත් බුලත් - නිතර දන් දුන් පියවරුන් වෙතින්.
ජාත වී ඇතත් - පූරුවෙ කරන ලද පවක් පලදී
බින්න බැස හිදී නගරය අසල දූ පුතුන්

වන්නි වන පෙතේ...

කල්ප කාලයක් - පරපුර දුන්නු දන් ඇතත් සිත තුල
මාසෙකට වරක් ලැබෙනුයෙ - සොච්චමක් බැවින්
කන්ට ගත් ගමන් බත් පත - කවුරුවත් එතැයි බිය වැද
දොර ජනෙල් වසා තනියම - බුදිති බෝ දුකින්

වන්නි වන පෙතේ...//",වෙසතුරු සදිසි පියවරුන්,Fictional Characters,Fathers,Fathers who are willing to donate anything
15,ආලවන්තිය ,Kalpana Nayanamadhu ,Sajith Akmeemana,Kanishka Akmeemana,ආලවන්තිය ,2021,"හී සරේ
මා වැදුනා
මා නුඹගේ කියා දැනුනා

ආදරේ කියලා
කියන්නට බෑ වගේ හිතුනා
සෙනෙහසේ ගිම් නිවූ ඔබව මා
අහසේ ආදරෙන් රකිනවා

ස්නේහවන්තිය
ආදරෙන් මට
ආදරේ පිදුවා
ආලවන්තිය ජීවිතේ වී
මගේ ලගින් රැදුනා

ස්නේහවන්තිය
ආදරෙන් මට
ආදරේ පිදුවා
ආලවන්තිය ජීවිතේ වී
මගේ ලගින් රැදුනා

ආදරේ තැවරූ
නුබේ හාදූ මා අතින්
හදවතේ රැදුනූ
ඔබට මා තව ලන් වූ

සුසුමේ සැගවූ
පණසේ විදපූ
නුඹට මා හදවතින්
පෙම් කෙරූ

සසරින්ම සසරේ
මගේ වෙන්න
මට ලංව හැම මොහොතේ
ලග ඉන්න

ස්නේහවන්තිය
ආදරෙන් මට
ආදරේ පිදුවා
ආලවන්තිය ජීවිතේ වී
මගේ ලගින් රැදුනා

ස්නේහවන්තිය
ආදරෙන් මට
ආදරේ පිදුවා
ආලවන්තිය ජීවිතේ වී
මගේ ලගින් රැදුනා

ස්නේහවන්තිය
ආදරෙන් මට
ආදරේ පිදුවා
ආලවන්තිය ජීවිතේ වී
මගේ ලගින් රැදුනා

ස්නේහවන්තිය
ආදරෙන් මට
ආදරේ පිදුවා
ආලවන්තිය ජීවිතේ වී
මගේ ලගින් රැදුනා",ස්නේහවන්තිය,Love,Girls,Affectionate
16,එක දවසක අපි නූපූරුදූ සුවඳක,Sandeep Jayalath & Kalpana Kavindi,Danushka Lakmal,Nimesh Kulasinghe,එක දවසක අපි (Film),2018,"එක දවසක අපි නූපූරුදූ සුවඳක
හිත හෙමිහිට බැඳුනා
අප හමුවුණු හිනැහුණු මතකය

සසර පුරුදු හැගුනා
ජන්මෙන් ජන්මේ
ඔබට හද පිදුවා
මේ භවයෙදි හමුවන පැතුමන්
සිහිනෙකැයි සිතුනා
හෝ හෝ හෝ හෝ
හෝ හෝ හෝ හෝ

තුන් හිතක සීතලේ ගුලි වුනු
පෙම් කවක් තියෙනවා කියන්න
දිව්රන්න ආදරේ නාමෙන්
මා හැරදා නොයන බව
ඔබේ සූවඳ දැනුණා
හද මගේ නිවුණා
ජන්මෙන් ජන්මේ ඔබට හද පිදුවා
මේ භවයෙදි හමුවන පැතුමන්
සිහිනෙකැයි සිතුනා
හෝ හෝ හෝ හෝ
හෝ හෝ හෝ හෝ

මේ ලොවම සැහැසි වූ අඩ සඳ
මා හදෙන් වෙන්වී නොයන්න
ආදරේ සනාථ පැතුමන්
මතු භවෙත් හදේ රැඳෙන්න
ඔබේ සුවඳ දැනුණා
හද මගේ නිවුනා

ජන්මෙන් ජන්මේ ඔබට හද පිදුවා
මේ භවයෙදි හමුවන පැතුමන්
සිහිනෙකැයි සිතුනා
හෝ හෝ හෝ හෝ
හෝ හෝ හෝ හෝ",අඩ සඳ,Moon,Girls,Girl who bought pleasure to my life
17,සිදඟන,Manjula Pushpakumara,Sajith Dilpahan,Thusith Niroshan,සිදඟන,2012,"මගෙ ජීවිතේ සොඳුරේ ඔබ පමණයි
නෑ යන්නේ හැරදා කිසිදා
තරු මිලින වෙලා
සඳු නෑ අද මගෙ ලෝකේ
බොඳ වී පැතුමන් මා හඬවා
මගෙ ජීවිතේ සොඳුරේ ඔබ පමණයි
නෑ යන්නේ හැරදා කිසිදා
තරු මිලින වෙලා
සඳු නෑ අද මගෙ ලෝකේ
බොඳ වී පැතුමන් මා හඬවා
ගැස්සෙන ඔය හදේ රිද්මයේ
සත්තට තුරුලු වී සැනහුනේ
ලස්සන සිනහවට පැටලුනේ
සිදඟන ඔබද මා සුරතලී
ගැස්සෙන ඔය හදේ රිද්මයේ
සත්තට තුරුලු වී සැනහුනේ
ලස්සන සිනහවට පැටලුනේ
සිදඟන ඔබද මා සුරතලී
නවතා සුසුමන් හැර යන්න එපා
ඔබමයි ප්රියේ මාගෙ ජීවේ
තව එක මොහොතක්
නුඹෙ සෙනෙහේ මගෙ වේ නම්
තරු අතුරා අහසේ සරසන්නම්
නවතා සුසුමන් හැර යන්න එපා
ඔබමයි ප්රියේ මාගෙ ජීවේ
තව එක මොහොතක්
නුඹෙ සෙනෙහේ මගෙ වේ නම්
තරු අතුරා අහසේ සරසන්නම්
ගැස්සෙන ඔය හදේ රිද්මයේ
සත්තට තුරුලු වී සැනහුනේ
ලස්සන සිනහවට පැටලුනේ
සිදඟන ඔබද මා සුරතලී
ගැස්සෙන ඔය හදේ රිද්මයේ
සත්තට තුරුලු වී සැනහුනේ
ලස්සන සිනහවට පැටලුනේ
සිදඟන ඔබද මා සුරතලී",සිදඟන ,Dreams & Imaginations,Girls,Girl who lives in my heart
18,සංසාරේ සුභ ගමන්,Dinesh Tharanga,Udesh Aryan,Kanishka Akmeemana,සංසාරේ සුභ ගමන්,2021,"දෑසේ රැඳී මා
සෙවනැල්ලේ වෙලී
මේ හීන ගානේ
මා හා ළං වෙවී
මගෙ දෑත පසුපසින්
ඔය දෑත නුඹ තියන්
සංසාරේ සුභ ගමන්
ආවාද ආදරෙන්
මගෙ දෑත පසුපසින්
ඔය දෑත නුඹ තියන්
සංසාරේ සුභ ගමන්
ආවාද ආදරෙන්
වැහි නොඑනා ඉඩෝරෙකි
නුඹ එහි ප්රාතිහාරෙකි
ජීවිත මධ්යානෙදී
මල් වැහි දෝතින් පිදූ
වැහි නොඑනා ඉඩෝරෙකි
නුඹ එහි ප්රාතිහාරෙකි
ජීවිත මධ්යානෙදී
මල් වැහි දෝතින් පිදූ
සංසාර හීනයේ
නිස්සාර සෘතුවේ
පිංතාරුවක් වගේ
නොසැලි ඉන්න මා හදේ
සුහදේ සැමදා
හෙවනැල්ල සේ මගේ
ළඟ ඉන්න දෑස පේන මානයේ
වැහි නොඑනා ඉඩෝරෙකි
නුඹ එහි ප්රාතිහාරෙකි
ජීවිත මධ්යානෙදී
මල් වැහි දෝතින් පිදූ
වැහි නොඑනා ඉඩෝරෙකි
නුඹ එහි ප්රාතිහාරෙකි
ජීවිත මධ්යානෙදී
මල් වැහි දෝතින් පිදූ",වැහි නොඑනා ඉඩෝරෙකි,Drought,Life,Life without love
19,වළාකුලක් වී,Kasun Kalhara & Indrachapa Liyanage,Charith Senadheera,Kasun Kalhara,වළාකුලක් වී,2005,"වළාකුලක් වී නිල් අහසේ
වළාකුලක් වී නිල් අහසේ
පාවී යන්නම් නිදහසේ සුළගේ
පාවී යන්නම් නිදහසේ සුළගේ

මධු බඳුන් පිරි ඉතිරි
ඈ රැව බොඳවී මැකී යයි
රෑ අඳුරේ
සාගරයේ වෙරළේ

පාවී යන්නම් නිදහසේ සුළගේ
වළාකුලක් වී නිල් අහසේ
වළාකුලක් වී නිල් අහසේ
පාවී යන්නම් නිදහසේ සුළගේ
පාවී යන්නම් නිදහසේ සුළගේ

තරැ ගරා වැටි දියවි
තනිකම මතුවී නිවී යයි
මේ මොහොතේ
නදී දියේ සිහිවේ

පාවී යන්නම් නිදහසේ සුළගේ
වළාකුලක් වී නිල් අහසේ
වළාකුලක් වී නිල් අහසේ
පාවී යන්නම් නිදහසේ සුළගේ
පාවී යන්නම් නිදහසේ සුළගේ",වළාකුලක් වී නිල් අහසේ,Clouds,Freedom,Freedom is like clouds in the sky
20,කෛලාශිනී,Eranga Abeygunasekara,Shehan Galahitiyawa,Yasas Medagedara,කෛලාශිනී,2019,"චේතනා මෝදුවන ලොචනා
ස්ව්ප්න මත මානාරි රූ මෝරනා
යා වෙනා ප්‍රේමයට කාරණා
රාග මන රහසේම පාවි ගියා

සේයා වෙනා ඈ රූ රටා
සිත් අහසේ අශා මවා

දෙව්ළියේ මන බන්දනා
පෙම් කවයි රස කැන්දනා
ඉසියෝග මන නන්දනා
සද දියේ ඉන්ගි වස්සනා 
දෙව්ලොවින් ඇය ඉල්ලලා
කෛලාශ ගිරි වන්දනා

නෙත් සලා ආදරය වස්සනා
චන්ද වත සේයාවි මේර රෑ පුරා
ගිම් නිවා මීන නෙතු ගස්සනා
සේද වත සිහිවීලා ආශා මවා

රාශි හැගුම් වෑහෙනා 
නාරි නුවන් නාඩනා
සරාගී ඈ සිනා
සද යායේ යාවී පේනා
සිත නිවී සැනහෙනා",සේයා වෙනා ඈ රූ රටා,Dreams & Imaginations,Girls,Imagination about a girl
21,සුසුමක වෙලීලා,Ruwan Hettiarachchi & Sashika Nisansala,Shehan Galahitiyawa,Nimesh Kulasinghe,හමුවෙමු ආයේ සංසාරේ (Teledrama),2020,"සුසුමක වෙලීලා
මුසුව එන හැඟුමකි රැයේ පුරා
හදවත ගැහීලා
හැඟුම දෙන සුසුමකි සුවය ගෙනා
සඳ කතා... කොඳුරනවා
හිත පුරා... ලංවී ඔයා
හිත නිවා... සනසනවා
මතු සදා... ඉන්නෙම් පතා
දැනෙනවා... මැවෙනවා
රැය නොනිදා... සිහිවෙනවා
සසර පුරා... පතනවා
අපි මතුදා... හමුවෙනවා
පෙරුමන් පුරාලා
නුඹගෙ රුව මවනෙමි සිතා මතා
මතකය මවාලා
රඳවගමි නුඹවම හදේ සදා
වත පුරා... දැවටෙනවා
මතු සදා... මාගෙයි කියා
සිත පවා... විමසනවා
නෙතු මවා... අහසේ පුරා
දැනෙනවා... මැවෙනවා
රැය නොනිදා... සිහිවෙනවා
සසර පුරා... පතනවා
අපි මතුදා... හමුවෙනවා
තරු පිපුනාවේ අහසේ...
තරු මල් වලටත් රහසේ
සුසුමක්... සුසුමට ලංවීලා
හමුවෙමු ආයේ සංසාරේ
දැනෙනවා... මැවෙනවා
රැය නොනිදා... සිහිවෙනවා
සසර පුරා... පතනවා
අපි මතුදා... හමුවෙනවා
දැනෙනවා... මැවෙනවා
රැය නොනිදා... සිහිවෙනවා
සසර පුරා... පතනවා
අපි මතුදා... හමුවෙනවා",සඳ කතා,Moon,Love,Romantic stories
22,හිරු මල්,Ruwan Hettiarachchi & Umaria,Sajith V. Chathuranga,Amith Guru,හිරු මල්,2018,"හිරු මල් කිනිත්තක් දරා
සිහිලැල් පියාපත් සලා
සුළඟින් හොරෙන් මග අසා
එන්නම් සැනින් ඔබ සොයා
මතකෙන් ඉඩක් ඉල්ලලා
තුරුලෙන් ලැගුම් ගෙන එදා
හසරැල් ලොවක් හිත මවා
හෙට මා ඔයාගේ වෙනවා
හෙට මා ඔයාගේ වෙනවා
සන් සනන නන සනන නන
සනන නන සනන නන සනන නන
සනන නන සනන නන නනා නා
සුපෙම් භාවනාවක් වාගේ
මගේ දෙස බලා
කියා දෙන්න ඔබගේ සෙනෙහස
කොතෙක් දැයි කියා
අහංකාර මාගේ හිත දැන්
ඔබේ ළඟ තමා
නොදන්නවා වාගේ ඈතින්
තවත් ඉන්නෙපා
හිතේ මැවුන ප්රේම කවියේ
හිඩැස් තැන් මකා
හිදින්නට හිතයි සුවසේ
තුරුල් වී සදා
රැයේ දුටුව හීන රහසේ
හැබෑ වී මෙදා
පුරුද්දද්ද මේ දිවියේ
මටත් නොහැගුනා
පහන් තරුකාවක් වාගේ
හදේ පායලා
ගිලන් පෙම් පැතුම් හිත පතුලේ
කොහේටද වෙලා
නෙතින් වැටුණු කදුලැල් ඔබගේ
අතින් පිස දමා
සිනාසෙන්න ආසයි හැම කල්
ඔබේ ලොව පුරා
පහන් ටැබ වෙලා දිවි ගමනේ
නවාතැන් සොයා
රැදෙන්නට හිතයි සෙවනේ
සුසුම් හැර දමා
ඔබෙන් ලැබුණ ආදරේ නම්
අනන්තෙට එහා
පුරුද්දද්ද මේ දිවියේ
මටත් නොහැගුනා
හිරු මල් කිනිත්තක් දරා
සිහිලැල් පියාපත් සලා
සුළඟින් හොරෙන් මග අසා
එන්නම් සැනින් ඔබ සොයා
මතකෙන් ඉඩක් ඉල්ලලා
තුරුලෙන් ලැගුම් ගෙන එදා
හසරැල් ලොවක් හිත මවා
හෙට මා ඔයාගේ වෙනවා
හෙට මා ඔයාගේ වෙනවා",පහන් ටැබ වෙලා දිවි ගමනේ,Light,Life,Brightens up life
23,පායා ආ සඳ,Milton Mallawarachchi,Karunaratne Abeysekera,M. K. Rocksamy,සංසාරේ සෙවනැල්ල ,1990,"පායා ආ සඳ අඳුරු වළාවෙන්
මා ඉදිරියෙදිම වැසුනා
සෝකය තාපය පාළුව අතරේ
ඉකිබිඳ හැඬුවා ඇසුණා

හද විමනේ බිතු සිතුවම් කිලිටි කළේ ඔබෙ දෑතයි
හද විමනේ බිතු සිතුවම් කිලිටි කළේ ඔබෙ දෑතයි
නොපැතු වියෝගයෙ මහ වරුසාවෙන්
දෑත දෙපය මගෙ සීතයි
දෑත දෙපය මගෙ සීතයි

ඔබ පැමිණි ඔබම ගියා නැවතුණ තැන මම ඉන්නම්
ඔබ පැමිණි ඔබම ගියා නැවතුණ තැන මම ඉන්නම්
මගෙ සහයෝගය පතන වෙලාවේ
කොහි සිට හෝ යළි එන්නම්
කොහි සිට හෝ යළි එන්නම්",හද විමනේ බිතු සිතුවම්,Paintings,Dreams & Imaginations,Thoughts 
24,සඳ තනිවෙලා,Anjalin Gunathilaka & Milton Mallawarachchi,Clarence Wijewardena,Clarence Wijewardena,අපේක්ෂා (Film),1978,"සඳ තනිවෙලා අහසේ හිරු තනිවෙලා
උතුරා ගැලූ ගඟුලක් අද වියළිලා
සඳ තනිවෙලා අහසේ හිරු තනිවෙලා
උතුරා ගැලූ ගඟුලක් අද වියළිලා

පියමන් කළා දෙදෙනෙක් සෙවනක් බලා
පැතුමන් බිඳී නිවසක් ඇත සුන් වෙලා
පියමන් කළා දෙදෙනෙක් සෙවනක් බලා
පැතුමන් බිඳී නිවසක් ඇත සුන් වෙලා

සඳ තනිවෙලා අහසේ හිරු තනිවෙලා
උතුරා ගැලූ ගඟුලක් අද වියළිලා

උයනක් පිරී පිපි මල් අද පරවෙලා
විහඟුන් ගැයූ ගී වැල් අද නැති වෙලා
උයනක් පිරී පිපි මල් අද පරවෙලා
විහඟුන් ගැයූ ගී වැල් අද නැති වෙලා

සඳ තනිවෙලා අහසේ හිරු තනිවෙලා
උතුරා ගැලූ ගඟුලක් අද වියළිලා

සඳ තනිවෙලා අහසේ හිරු තනිවෙලා
උතුරා ගැලූ ගඟුලක් අද වියළිලා",සඳ තනිවෙලා අහසේ,Moon, Love,Lonliness
25,ආලවන්ත නෙත්,Dayasiri Jayasekara,Buddhika Kulasekara,Madawa Hewawasam,මුතු පලස (Teledrama),2013,"ආලවන්ත නෙත් විදා මන්දහාස නංවනා
සඳකින්දරී සුන්දරී මුතු පලස මත දිදුලනා
මනබන්දනී නන්දනී මුතු පලස මත හිනැහෙනා

සඳකැන් හොරෙන් මුව තවරලා
මල් මල් ගවුමකින් ගත සරසලා
ඉඳිකඩ උඩින් තරුනෙත් වසා
මතකයි තවත් අපි හිනැහුණා
මතකයි …. තවත් ඔයා හිනැහුණා

සිහිලැල් සුළං රැල්ලක එතී
වනමල් උයන් හැරදා අප සිටී
මතකෙන් මකා අපි පෙම් කළ හැටී
මතකයි ඔයා මං හැරගිය හැටි
මතකයි …. තවත් ඔයා හිටි හැටි

ආලවන්ත නෙත් විදා මන්දහාස නංවනා
සඳකින්දරී සුන්දරී මුතු පලස මත දිදුලනා
මනබන්දනී නන්දනී මුතු පලස මත හිනැහෙනා",සඳකැන් හොරෙන් මුව තවරලා,Light,Girls,Gloss of the lips
26,අහසයි ඔබ මට,Sunil Edirisinghe,Bandula Nanayakkarawasam,Rohana Weerasinghe,අහසයි ඔබ මට,2005,"අහසයි ඔබ මට නිම් හිම් නොපෙනෙන
ඉණිමං බඳිනු බැරී
පොළොවයි ඔබ මට
තරුවක් විලසට රෑකල පතිත වෙමි
අහසයි ඔබ මට නිම් හිම් නොපෙනෙන
ඉණිමං බඳිනු බැරී
පොළොවයි ඔබ මට
තරුවක් විලසට රෑකල පතිත වෙමි
ගඟේ වතුර නෑ ඉහලට ගලා ගියේ
අසිනි හඬින් නෑ කඳු බිම් සසල උනේ
ගඟ කවදා හෝ මුව දොර හමු වෙනවා
ලොව කැළඹුන දා කදුබිම් හැකිලෙනවා
අහසයි ඔබ මට නිම් හිම් නොපෙනෙන
ඉණිමං බඳිනු බැරී
පොළොවයි ඔබ මට
තරුවක් විලසට රෑකල පතිත වෙමි
අනාත සයුරට වැහි දිය දෝත ඔබයි
අගාධ අඳුරක දුල රන් සිළුව ඔබයි
ඔබ මට ලඟ බව ඉඳුරා මම දනිමී
ඔබ වට කහවනු පවුරට මහ දුරකි
අහසයි ඔබ මට නිම් හිම් නොපෙනෙන
ඉණිමං බඳිනු බැරී
පොළොවයි ඔබ මට
තරුවක් විලසට රෑකල පතිත වෙමි
අහසයි ඔබ මට නිම් හිම් නොපෙනෙන
ඉණිමං බඳිනු බැරී
පොළොවයි ඔබ මට
තරුවක් විලසට රෑකල පතිත වෙමි",අහසයි ඔබ මට,World,Girls,You are my whole world
27,ජීවිතේ කවියක් ,Nanda Malani,Bandara Eheliyagoda,Rohana Weerasinghe,ජීවිතේ කවියක් ,1992,"ජීවිතේ කවියක්..
ආදරේ..සොඳුරු තම වදනක්..
කඳුලැලි බිඳක් - හසරැලි පොදක්..
එකට එක්වූ විට දැනෙයි...
පෙර නොවිදි රසයක්..

පසුපසින් හඹා එන අතවර..
හැරදමා..යා නොහැක බෝදුර..
දුක ද ඉවසා දරා ගන්නට
සිතට බල කරනා..
හැඟුම් අවදිව මැවේ කවිකම..

ජීවිතේ කවියක්..
ආදරේ..සොඳුරු තම වදනක්..
කඳුලැලි බිඳක් - හසරැලි පොදක්..
එකට එක්වූ විට දැනෙයි...
පෙර නොවිදි රසයක්..

සෙනෙහසින් රැදී උන් නෙක දන..
පලා යයි නොකියාම ඈතක..
පවුරු පදනම් බිදී දස අත
විසිර යන යාමේ..
කවුරු නම් ලංවේද තනියට..

ජීවිතේ කවියක්..
ආදරේ..සොඳුරු තම වදනක්..
කඳුලැලි බිඳක් - හසරැලි පොදක්..
එකට එක්වූ විට දැනෙයි...
පෙර නොවිදි රසයක්..",ජීවිතේ කවියක්,Poem,Life,Life is a poem
28,මිනිසා සුවඳයි මල සේ,Sunil Edirisinghe,Kumaradasa Saputhanthri,Rohana Weerasinghe,මිනිසා සුවඳයි මල සේ,2012,"මිනිසා සුවඳයි මල සේ
නුවණින් එළියයි හිරු සේ
පරවී වැටිලා ඒ හිරු මල මේ දෙරණේ
පොළවේ උරුමේ කියමින්
බිලිදී විහිගුම් ගුණදම්
දහසිත් මියෙනා සටතිත්
අඟලේ හිමිකම් සොයමින්
ලොව නහවා සෝ කඳුලින්
සැනහේ ජය පැන් පුරමින්
මිනිසා සුවඳයි මල සේ
නුවණින් එළියයි හිරු සේ
පරවී වැටිලා ඒ හිරු මල මේ දෙරණේ
උණු ලේ විෂ වී සිරුරේ
ඉසුරන් ගැටෙනා අතරේ
ගිති මල් පිපිලා අහසේ
ඇවිලේ ගිනි දැල් සයුරේ
සා පවසින් ඉකි බිඳිතා
සුසුමෙත් යදියත් හෙලතා
මිනිසා සුවඳයි මල සේ
නුවණින් එළියයි හිරු සේ
පරවී වැටිලා ඒ හිරු මල මේ දෙරණේ",මිනිසා සුවඳයි මල සේ,Flowers,People,People are virtuous
29,චන්න කින්නරාවි,Bachi Susan,Charith Senadheera,Kasun Kalhara,චන්න කින්නරාවි,2014,"ස්වේත මීදුම් ඉරා දෙනෙත් මඟ ඇහිරු
ජිවිතේ සීත සෘතුවේ ගිරි දුර්ග අතරින්
මා එක්ක එනවාද චන්න කින්නරාවි
මා එක්ක එනවාද චන්න කින්නරාවි
රළු පොළොව මතින් දිලෙනා
විඩාබර දිගු ගමනේ
මුදු සිනිදු දෙපා රිදෙනා
වේදනා සුසුම් අතරේ
ආදරේ ශේෂ වේවිද චන්න කින්නරාවි
මා එක්ක එනවාද චන්න කින්නරාවි
ස්වේත මීදුම් ඉරා දෙනෙත් මඟ ඇහිරු
ජිවිතේ සීත සෘතුවේ ගිරි දුර්ග අතරින්
මා එක්ක එනවාද චන්න කින්නරාවි
මා එක්ක එනවාද චන්න කින්නරාවි
සඳ නිවීගිය රාත්රියේ තාරකා ගොළුව ඝන අදුරේ
ළය මතින් වැතිරි සොඳුරු හීනයකට ඉඩ දී
හිනැහෙන්න පුළුවන්ද චන්න කින්නරාවි
හිනැහෙන්න පුළුවන්ද චන්න කින්නරාවි
හිනැහෙන්න පුළුවන්ද චන්න කින්නරාවි",චන්න කින්නරාවි,Fictional Characters,Girls,You are charming and attractive
30,පුන්සද රෑට,Nirosha Virajini,Rathna Sri Wijesinghe,Austin Munasinghe,පුන්සද රෑට,2006,"පුන්සඳ රෑට ඇවිදින් හේනේ කළුව බිඳ..
රන්කෙදි සේම රන්වන් ඉරිගු ඉඹිනවාද..
තුන්යම හීන දැක දැක මොටදැයි ගෙදර ඉද..
රන්කද තාම පැල් රකිනවාදෝ නිදි නැතිව..
නිල් තරු රෑන ඉඟි බිඟි පාන අහස යට..
පිල්කඩ උඩම ඇලවී ඉන්න හිතයි මට..
මී අඹ කන්න ගිරවුනි එන්න එපා හෙට..
මල් පිපුනාට ගෙඩි නෑ තාම අඹ ගහට...
රන් කඳ සේම පින්සර මාගේ ඇතු නිදන..
රන් මල් යාන හීනෙන් දකින පින පමණ..
තුන්පත් රෑන වේදෝ කොහොම අප දෙදෙන..
රන් කැටි පුතුට ඉඩ මදි වාද මගෙ යහන...",රන්කද,Gold Statue,Husband,Husband is a very valuable person
31,කිරිවෙහෙරට,Chamara Weerasinghe,Ven. Kavi Keerthi Thero,Siril Perera,කිරිවෙහෙරට,2010,"කිරිවෙහෙරට යන පාරේ
මල් විකුණන මගෙ සීදේවී
සිදාදියෙන් එන දෙවිවරු
මලක් වගේ හිත ඉල්ලාවී…

කිරිවෙහෙරට යන පාරේ
මල් විකුණන මගෙ සීදේවී
සිදාදියෙන් එන දෙවිවරු
මලක් වගේ හිත ඉල්ලාවී

නිල් මානෙල් මලකට වැඩි
ඇස් දෙක ලස්සනයි කියාවී…
නිල් මානෙල් මලකට වැඩි
ඇස් දෙක ලස්සනයි කියාවී…
ලස්සන ඒ ඇසිපිය යට
හීන තියා සුවඳ ගනිවී

කිරිවෙහෙරට යන පාරේ
මල් විකුණන මගෙ සීදේවී
සිදාදියෙන් එන දෙවිවරු
මලක් වගේ හිත ඉල්ලාවී

මල් වික්කට කාසි වලට
නගරෙට හිත නොදෙන් දයාවී…
මල් වික්කට කාසි වලට
නගරෙට හිත නොදෙන් දයාවී…
මගෙ හිත කිරිවෙහෙර වගේ
සත්තයි පිවිතුරුයි ප්‍රියාවී

කිරිවෙහෙරට යන පාරේ
මල් විකුණන මගෙ සීදේවී
සිදාදියෙන් එන දෙවිවරු
මලක් වගේ හිත ඉල්ලාවී",සිදාදියෙන් එන දෙවිවරු,Gods,People,Rich people are comming from town to village
32,රන්වන් මල්දම්,CENTIGRADZ,CENTIGRADZ,Thusith Niroshana,රන්වන් මල්දම්,2009,"රන්වන් මල්දම් සොද ගොතා මා අතින්
ගෙන නිල් වරලස හැඩ දමා සිතින්
මන්මත් කරදා මුදු සිනහ මල් සරින්
සැනසෙන්නම් සොඳුර නුඹ මතින්
රන්වන් මල්දම් සොද ගොතා මා අතින්
ගෙන නිල් වරලස හැඩ දමා සිතින්
මන්මත් කරදා මුදු සිනහ මල් සරින්
සැනහෙන්නම් සොඳුර නුඹ මතින්
ඔය මුදු පහසෙ දැවටෙන්න මගෙ ජීවිතේ
සඳ කිරණක්ව සරසන්න මගෙ ආදරේ
මට පවසන්න ඔය නෙතඟෙ බැඳි ආදරේ
මගෙ හිත තාම නුඹ ගාව රැඳිලා තියේ
තුරුලට රැගෙන ආදරෙන් සිඹිමින්
හැඟුමක පැහැය නුඹෙ දෙතොලෙ තබමින්
හෙමිහිට ළමැද මත හුස්ම තබමින්
සෙනෙහෙස පතමි නුඹෙ දැහැනෙ රැඳෙමින්
තුරුලට රැගෙන ආදරෙන් සිඹිමින්
හැඟුමක පැහැය නුඹෙ දෙතොලෙ තබමින්
යහනක සතපවා සිහින දකිමින්
මියැදුණු සඳක නුඹ පතමි ස්නේහෙන්
ඔය මුදු පහසෙ දැවටෙන්න මගෙ ජීවිතේ
සඳ කිරණක්ව සරසන්න මගෙ ආදරේ
මට පවසන්න ඔය නෙතඟෙ බැඳි ආදරේ
මගෙ හිත තාම නුඹ ගාව රැඳිලා තියේ",මියැදුණු සඳක නුඹ පතමි,Moon,Life,Wish a girl by hopless life
33,බැද්දට සඳ වගේ,Chamara Weerasingha,Roshan Fernando,Roshan Fernando,බැද්දට සඳ වගේ,2010,"බැද්දට සඳ වගේ ගෝමරි මල් මද කැකුළියේ
රන්දාපාමිනේ නැතියේ රන්කඳ වී මගේ
මං බැද්දේ ගොහින් බමර කොටක්
ගෙනැල්ලා දෙන්නම්
ගම් බැද්දෙ ගොහින් ගෝතම් පොජ්ජක්
ගෙනැල්ල දෙන්නම්

මහ හූරෝ සහේට ගන්නට හැදුවට
යන්ට එපා උඹ යන්ට එපා
හිත්ලෑව මේ ඇත්තෝ අහක දමා
හිත්ලෑව මේ ඇත්තෝ අහක දමා

මහ බල ඇති කළු බණ්ඩාර දෙවියන්ට
යදිනවා මං යදිනවා
මගෙ ගෑනි සහේට ගන්ට හිතා
මගෙ ගෑනි සහේට ගන්ට හිතා",බැද්දට සඳ වගේ,Moon,Girls,Beautiful girl
34,ගෙදර බුදුන් කියලා,Chamara Weerasingha,Visharada Kavi Keerthi Thero,Unkown,ගෙදර බුදුන් කියලා,2012,"ගෙදර බුදුන් කියලා ඔබේ දෙපා වඳින්න
තාත්තේ ඔබ මා ළඟ නෑ මට දැකගන්න
පියෙන් පියට දුර යන්නට වාරුව දුන්න
ඔබේ සෙනෙහස කියලා බෑ ඉවර කරන්න

දිවා රැයේ සොයා බැලූ අප ගැන කරුණු
අනාගතය ගැන කියලා දුන් මහා ලකුණු
දොළොස් මහේ පහන වගේ දැල් වී නිවුණු
ඔබ සිහි වී හැඬුවා හිත වාවනු බැරි

ගෙදර බුදුන් කියලා ඔබේ දෙපා වඳින්න
තාත්තේ ඔබ මා ළඟ නෑ මට දැකගන්න
පියෙන් පියට දුර යන්නට වාරුව දුන්න
ඔබේ සෙනෙහස කියලා බෑ ඉවර කරන්න

කවා පොවා හදා වඩා දුක සැප විමසූ
දයාබරව හිස අත ගෑ හිතකින් කුළුණු
සොහොන් කොතේ නිදනකුගේ සුවඳේ රැඳුණු
ඔබ සිහි වී හැඬුවා හිත වාවනු බැරි

ගෙදර බුදුන් කියලා ඔබේ දෙපා වඳින්න
තාත්තේ ඔබ මා ළඟ නෑ මට දැකගන්න
පියෙන් පියට දුර යන්නට වාරුව දුන්න
ඔබේ සෙනෙහස කියලා බෑ ඉවර කරන්න",දොළොස් මහේ පහන වගේ දැල් වී නිවුණු,Light,People,Lost beloved one suddenly
35,ජීවිතයේ හොදම හරිය,Chamara Weerasinghe,Chamara Weerasinghe,Unkown,ජීවිතයේ හොදම හරිය,2013,"ජීවිතයේ හොදම හරිය
අවුල් වෙලා යද්දී
තමා අතට තම අතවත්
සෙවනක් නැති වෙද්දී
විරිත්තන්ඩ දහස් ගනන්
මග බලාන ඉද්දී
නුඹට සැපක් දෝ
මේ ඇස් කදුලින් තෙත් වෙද්දී

මල් නටුවට පිණිබිදුවක්
බර වැඩි නැති හින්දා
මල් රේනුව හිස නමාන
මේ ලෝකෙට වැන්දා
හින පොකුරු හිත පුරෝනා
අපි කසාද බැන්දා
මංගල රෑ එලිවෙනතුරු
නුඹ සමාව යැද්දා

ජීවිතයේ හොදම හරිය
අවුල් වෙලා යද්දී
තමා අතට තම අතවත්
සෙවනක් නැති වෙද්දී
විරිත්තන්ඩ දහස් ගනන්
මග බලාන ඉද්දී
නුඹට සැපක් දෝ
මේ ඇස් කදුලින් තෙත් වෙද්දී

මුළු ලෝකෙට හොද මූනක්
පෙන්නන්නට හන්දා
ඔබ වෙනුවෙන් මේ වෙනතුරු
අපමණ දුක් වින්දා
තව දුරටත් ඒ ගැන නම්
කියන්න බැරි හන්දා
ගැනියකට සමාව දී
රැවටුනාද මන්දා

ජීවිතයේ හොදම හරිය
අවුල් වෙලා යද්දී
තමා අතට තම අතවත්
සෙවනක් නැති වෙද්දී
විරිත්තන්ඩ දහස් ගනන්
මග බලාන ඉද්දී
නුඹට සැපක් දෝ
මේ ඇස් කදුලින් තෙත් වෙද්දී","මල් නටුවට පිණිබිදුවක්
බර වැඩි නැති හින්දා",Flowers,Girls,Live forever with life partner
36,දකුණේ පිං ඇති පින් බිම,Chamara Weerasinghe,Rohana Weerasinghe,Unkown,දකුණේ පිං ඇති පින් බිම,2020,"දකුණේ පිං ඇති පින් බිම වැවුරුකන්නල
සමාවෙන්න විහාරයේ කඳුළු වැටුනට
මොර සූරන වැහි කටු එන කඳු ඉරාගෙන
කූඩුව ගං වතුරෙ ගියා පැටව් එක්කම
දකුණේ පිං ඇති පින් බිම වැවුරුකන්නල
සමාවෙන්න විහාරයේ කඳුළු වැටුනට
මොර සූරන වැහි කටු එන කඳු ඉරාගෙන
කූඩුව ගං වතුරෙ ගියා පැටව් එක්කම
අප්පච්චි කිය කිය මුළු දවස පුරාම
කතා කරපු හඬ ඇසේවි තාම ළඟ ළඟ
අනාගතේ මා දුටු සුබ නිමිති සේරම
මගෙන් උදුරගෙන ගං දිය ගියා මුහුදට
දකුණේ පිං ඇති පින් බිම වැවුරුකන්නල
සමාවෙන්න විහාරයේ කඳුළු වැටුනට
මොර සූරන වැහි කටු එන කඳු ඉරාගෙන
කූඩුව ගං වතුරෙ ගියා පැටව් එක්කම
පිහිට වෙලා බේරගන්න මගේ කූඩුව
පිං අරගත් දෙවියන්වත් උන්නේ නෑ ළඟ
සොඳුර සමඟ දරුවන් බිළිගත්තා වගේම
මාවත් බිළිගත්තා නම් දුකක් නෑ මට
දකුණේ පිං ඇති පින් බිම වැවුරුකන්නල
සමාවෙන්න විහාරයේ කඳුළු වැටුනට
මොර සූරන වැහි කටු එන කඳු ඉරාගෙන
කූඩුව ගං වතුරෙ ගියා පැටව් එක්කම
දකුණේ පිං ඇති පින් බිම වැවුරුකන්නල
සමාවෙන්න විහාරයේ කඳුළු වැටුනට
මොර සූරන වැහි කටු එන කඳු ඉරාගෙන
කූඩුව ගං වතුරෙ ගියා පැටව් එක්කම","කූඩුව ගං වතුරෙ ගියා පැටව් එක්කම
",Cage,House,House was destryoed by the flood
37,ඈතින් ඈතට,Chamara Weerasinghe,Chamara Weerasinghe,Unkown,දකුණේ පිං ඇති පින් බිම,2010,"ඈතින් ඈතට ඈතින් ඈතට
ඈතින් ඈතට ගියා...
මා ලඟ තිවු සිත අරන් ගියා
සුවඳ වත් මා ලග‍ නොතියා
අමතක කරලන්නම් කියා ගියා..
අමතක කරලන්නම් කියා ගියා..

ඔය ඇස් අමතක වෙන්න නම්
මගේ ඇස් පිය වෙන්න වෙයි...//

සීතල වැහි බිංදු සේම කදුළු
කඩා හැලෙනවා නිමක් නොවේ
පොළව ඉහිලුවත් ඒ වැහි බිංදු
කදුළු ගලන්නට ඉඩ මදිලු

ඔය ඇස් අමතක වෙන්න නම්
මගේ ඇස් පිය වෙන්න වෙයි...//

ජීවිතයේ මඟ ම‍ට හරි නුහුරු
ඉර බටු තරුවයි මග පෑදූ
ඈතක ගිය තරුවක මා දැවටි
පැතුම් පතා වී මග තනිවී

ඔය ඇස් අමතක වෙන්න නම්
මගේ ඇස් පිය වෙන්න වෙයි...//","ඉර බටු තරුවයි මග පෑදූ
",Venus,Pathfinder,pathfiner of life
38,අනාවැකියක් කියනවානම්,Mihindu Ariyaratne, Mihindu Ariyaratne,Aruna Gunawardena,Scattered Singles ,2019,"අනාවැකියක් කියනවානම් ආදරේ වෙනුවෙන්
සිනා දහසක් පිපෙනවා ඇත මගේ වෙනවානම්
අනාවැකියක් කියනවානම් ආදරේ වෙනුවෙන්
සිනා දහසක් පිපෙනවා ඇත මගේ වෙනවානම්
මලෙහි අවසර ලැබෙන තුරු මල් පෙති නොවිඳි බඹරුන්
මලෙහි අවසර ලැබෙන තුරු මල් පෙති නොවිඳි බඹරුන්
මම වෙමිය සොඳුරියේ
මම වෙමිය සොඳුරියේ
එනයින් ඔබ පිපේ සුවඳින්
සුවඳින්
සඳෙහි අවසර ලැබෙන තුරැ සඳ දිය නොවිදි කුමරැන්
සඳෙහි අවසර ලැබෙන තුරැ සඳ දිය නොවිදි කුමරැන්
මම වෙමිය සොඳුරියේ
මම වෙමිය සොඳුරියේ
එනයින් ඔබ දිලේ සතුටින්
සතුටින්
අනාවැකියක් කියනවානම් ආදරේ වෙනුවෙන්
සිනා දහසක් පිපෙනවා ඇත මගේ වෙනවානම්
අනාවැකියක් කියනවානම් ආදරේ වෙනුවෙන්
සිනා දහසක් පිපෙනවා ඇත","මලෙහි අවසර ලැබෙන තුරු මල් පෙති නොවිඳි බඹරුන්",Animals,Boys,waiting for chance to enjoy
39,"බඹර වගේ විසේකාරයා
",Sangeeth Wijesooriya,Sangeeth Wijesooriya,Warrnn Perera,තරු වැස්ස,2012,"බඹර වගේ විසේකාරයා
මම දෙබර වගේ ගණංකාරයා
සමනළය වාගේ මම හැඩකාරයා
මී මැස්ස වගේ හරි වැඩකාරයා //
කෝකිලයා සින්දු කියනවා වගේ
රස වෑහෙන සින්දු කියනවා
මොණර රජා රඟදෙන විධියට අගේ
කොතනත් මම රඟදක්වනවා
මම කපුට වගේ කපටිකමට නෑ හුරුවන්නේ
කිරි කොකා වගේ හැම තැනදිම කැපිල පෙණෙන්නේ
බඹර වගේ විසේකාරයා
මම දෙබර වගේ ගණංකාරයා
සමනළය වාගේ මම හැඩකාරයා
මී මැස්ස වගේ හරි වැඩකාරයා
සැළලිහිණිය වගෙ නිහඬව ඉන්නවා
නියම තැනදි කතා කරනවා
උකුස්ස වගේ දුර තියාම දකිනවා
අනතුරකදි මට තේරෙණවා
නැහැ ගිරව වගේ නිතරම මම කතා කරන්නේ
පොර කුකුළ වගේ කොතන ගියත් දිනලයි එන්නේ
බඹර වගේ විසේකාරයා
මම දෙබර වගේ ගණංකාරයා
සමනළය වාගේ මම හැඩකාරයා
මී මැස්ස වගේ හරි වැඩකාරයා //","බඹර වගේ විසේකාරයා
",Animals,Boys,Roudy boy
40,"නිහඬ ගමනේ 
",Bachi Susan & Shanika Madumali,Bachi Susan,Keshan Perera,නිහඬ ගමනේ ,2013,"නිහඬ ගමනේ මේතරම් දුර
ඇවිද අපි එකවාගේ
මිහිරි මතකේ සැරිසරා ඔබ
නවාතැන් ගෙන දෑසේ

බඹර නාදේ ඇසෙන මානේ
රැඳෙනු මාගේ සුවඳ වාගේ...//

ප්‍රාර්තනා තවරා ආදරේ 

ඉන්න ඉඩදෙන්න තුරුලේ
හිනැහෙනා කල්පනා
ඔබ නිසයි ජීවිතේ

ඇගිලි තුඩු තදකර මගෙ නලලේ
සිබින සියුමැලි නුබෙ දෙතොලතරේ
ගැබුරු හද කැලබුව ඔය කදුලේ
රහස නොහැගේ මගෙම ළදුනේ

ආ....

දෑත් විදා ලමැදේ ආදරේ
දෙන්න විදගන්න රිසිසේ
නිමනොවේ කිසිදිනේ පෙම්පැතුම් මා හදේ

ලබන හැම ආත්මයම ඔබගේ
ළගම ඉන්නයි මම නම් පැතුවේ
පණට පණ දීම් දිවි කතරේ
නොයමි රහසේ රකිමි පනසේ

නිහඬ ගමනේ...","නිහඬ ගමනේ මේතරම් දුර
ඇවිද අපි එකවාගේ",Silent Joruney,Love,sceret love went far by cheating someione
41,මදු මල ලෙස,Milton Mallawaarachchi,Milton Mallawaarachchi,Unkown,මදු මල ලෙස,1996,"මදු මල ලෙස මෘදු මාගේ ප්රියාදර මිහිරාවිය වෙතටයි
ඔබ සිහි කර කර ඔබට ලියන එක මට ඇති එක සතුටයි
අපමන සිතුවිලි බිහිවි තෙරපිලි එකිනෙක පැටලෙන්නේ
කොහොම පටන්ගෙන මොනව ලියන්නද නැත මට වැටහෙන්නේ
කෙටියෙන් පවසමි මගේ ආදරියේ කීමට ඇති සැමදේ
පරෙවි රැජිනියේ එදා වගෙ අදත් ඔබට තවම මම ආදරෙයි
ඔබට තවම මම ආදරෙයි
මදු මල ලෙස මෘදු මාගේ ප්රියාදර මිහිරාවිය වෙතටයි
ඔබ සිහි කර කර ඔබට ලියන එක මට ඇති එක සතුටයි
හිත ගොලු වෙනවා අත වෙව්ලනවා හදවත ගැස්සෙනවා
ලිපියෙහි කොලයට මුහුන යොමන කොට නෙත් දෙක පියවෙනවා
කෙටියෙන් පවසමි මගෙ ආදරියේ කීමට ඇති සැමදේ
පරෙවි රජිනියේ එදා වගේ අදත් ඔබට තවම මම ආදරෙයි
ඔබට තවම මම ආදරෙයි
ඔබට තවම මම ආදරෙයි
ඔබට තවම මම ආදරෙයි",මදු මල ලෙස මෘදු ,Flowers,Girls,soft beautiful girl
42,හිතින් යන අය,Sanka Dineth,Sanka Dineth,Unkown,Hada Gasama ,2020,"වසන් වන සඳ වලාකුළකට
අඬා වැටුණට තාරකාවක්
ආයෙ එන්නේ නෑ
හිතින් යන අය අතින් අල්ලා
නවත්තන්නට බෑ
හිතින් යන අය අතින් අල්ලා
නවත්තන්නට බෑ
වසන් වන සඳ වලාකුළකට
අඬා වැටුණට තාරකාවක්
ආයෙ එන්නේ නෑ
හිතින් යන අය අතින් අල්ලා
නවත්තන්නට බෑ
හිතින් යන අය අතින් අල්ලා
නවත්තන්නට බෑ
මවාදී තරු රටා අහසේ
සිනාසී උන් තරු කිනිත්තෙන්
මලානික වූ පුංචි තරුවක්
පොළෝ තලයට කඩා වැටුණා
සරා සඳකට දරාගන්නට බෑ
හිතින් යන අය අතින් අල්ලා
නවත්තන්නට බෑ
හිතින් යන අය අතින් අල්ලා
නවත්තන්නට බෑ
නිවී යන තරුවක කතාවේ
බිඳීගිය මතකයේ සැමරුම්
හිතේ ගැඹුරුම තැන තියාගෙන
ආදරේ ඉකිබිඳුම් ඇසුණා
මලානික ඇස් හිනාවෙන්නේ නෑ
හිතින් යන අය අතින් අල්ලා
නවත්තන්නට බෑ
හිතින් යන අය අතින් අල්ලා
නවත්තන්නට බෑ
වසන් වන සඳ වලාකුළකට
අඬා වැටුණට තාරකාවක්
ආයෙ එන්නේ නෑ
හිතින් යන අය අතින් අල්ලා
නවත්තන්නට බෑ
හිතින් යන අය අතින් අල්ලා
නවත්තන්නට බෑ","වසන් වන සඳ වලාකුළ
",Moon,Girls,leaving loved person by someone
43,"පායා ආ සඳ අඳුරු වළාවෙන්
මා ඉදිරියෙදිම වැසුනා",Milton Mallawaarachchi,Milton Mallawaarachchi,Unkown,"පායා ආ සඳ අඳුරු වළාවෙන්
මා ඉදිරියෙදිම වැසුනා",1996,"පායා ආ සඳ අඳුරු වළාවෙන්
මා ඉදිරියෙදිම වැසුනා
සෝකය තාපය පාළුව අතරේ
ඉකිබිඳ හැඬුවා ඇසුණා
පායා ආ සඳ අඳුරු වළාවෙන්
මා ඉදිරියෙදිම වැසුනා
හද විමනේ බිතු සිතුවම්
කිලිටි කළේ ඔබෙ දෑතයි
කිලිටි කළේ ඔබෙ දෑතයි
නොපැතු වියෝගයෙ මහ වරුසාවෙන්
දෑත දෙපය මගෙ සීතයි
දෑත දෙපය මගෙ සීතයි
පායා ආ සඳ අඳුරු වළාවෙන්
මා ඉදිරියෙදිම වැසුනා
ඔබ පැමිණී ඔබම ගියා
නැවතුණ තැන මම ඉන්නම්
නැවතුණ තැන මම ඉන්නම
මගෙ සහයෝගය පතන වෙලාවේ
කොහි සිට හෝ යළි එන්නම්
කොහි සිට හෝ යළි එන්නම්
පායා ආ සඳ අඳුරු වළාවෙන්
මා ඉදිරියෙදිම වැසුනා
සෝකය තාපය පාළුව අතරේ
ඉකිබිඳ හැඬුවා ඇසුණා
පායා ආ සඳ අඳුරු වළාවෙන්
මා ඉදිරියෙදිම වැසුනා","පායා ආ සඳ අඳුරු වළාවෙන්
මා ඉදිරියෙදිම වැසුනා",Moon,Faith,Strong faith infront of someone
44,"මගේ පුංචි රෝස මලේ
",Amarasiri Peiris,Dhammika Bandara,Danister Perera,Sanduda Awadiyen,1995,"මගේ පුංචි රෝස මලේ
මමයි නුඹේ වියපත් බඹරා
නුඹ හීනෙන්වත් නොදකින කුමරා...
කළුවර රෑ සඳක් වගේ
අහසේ නුඹ ඉන්නවනම්...
ආසයි මම නොකී කවිය
නුඹට කියන්න...
තරහක් නැහැ නුඹ බැස යන්න...
මගේ පුංචි නවාතැනේ
ඇවිදින් සැරි සරනවනම්...
ආසයි මං කවුළු පියන්
ඇරලා තියන්න...
තරහක් නැහැ නෑවිත් ඉන්න...
මගේ පුංචි රෝස මලේ
මමයි නුඹේ වියපත් බඹරා
නුඹ හීනෙන්වත් නොදකින කුමරා...
",මමයි නුඹේ වියපත් බඹරා,Animals,People,mature person loves young one
45,"වසන්ත කාලෙට
",Roshan Fernando,Roshan Fernando,Unkown,"වසන්ත කාලෙට
",2012,"වසන්ත කාලෙට සුරංගනාවන් අනන්තවත් ඒවී

එපා කියද්දී බලහත්කාරෙන්‍ යහනට කඩාවදී
විනීත තාලෙන් ප්‍රේමාලිංගන
නෙත් කරලිය පාවී
බැහැයි කියද්දි සුරතින්ඇදගෙන
තුරුලේ රඟපාවී
බැහැයි කියද්දි සුරතින්ඇදගෙන
තුරුලේ රඟපාවී
මේ පැහැදිලි සඳපානේ

දඟලන තරු ලැජ්ජාවේ
මැවෙනා සිහින ඟඟේදී
එළිවෙනවා නොදැනේ
මේ පැහැදිලි සඳපානේ

දඟලන තරු ලැජ්ජාවේ

මැවෙනා සිහින ඟඟේදී
එළිවෙනවා නොදැනේ
---------------

වසන්ත කාලෙට සුරංගනාවන්

අනන්තවත් ඒවී
බැහැයි කියද්දී ඇවිටිලි කරමින්
සෙනෙහස ඉල්ලවී
ප්‍රනීත් මදිරා පෙරා පුරාදී
උමතු වෙසින් කැරකී
බැහැයි කියද්දී
සවුදිය පිරුමට යෞවනයම අයදී
බැහැයි කියද්දී
සවුදිය පිරුමට යෞවනයම අයදී
මේ පැහැදිලි සඳපානේ

දඟලන තරු ලැජ්ජාවේ

මැවෙනා සිහින ඟඟේදී
එළිවෙනවා නොදැනේ
මේ පැහැදිලි සඳපානේ
දඟලන තරු ලැජ්ජාවේ
මැවෙනා සිහින ඟඟේදී
එළිවෙනවා නොදැනේ","වසන්ත කාලෙට සුරංගනාවන් අනන්තවත් ඒවී
",good time,Spring,grils comes to life only in good times
46,අවසන් වරට කළ පෙම් සටන ,Sanuka,Sanuka,Unkown,අවසන් වරට කළ පෙම් සටන ,2020,"අවසන් වරට කළ පෙම් සටන ළඟ මා පැරදුනේ
අවසන් වසර මා හා ගෙව්ව පෙම අවසන් වුනේ
සරසවි උයන තනි වූ දිනෙක මා එහි තනි වුනේ
විඳි පෙම් සුවඳ මහවැලි ඉවුර ළඟ මිහිදන් කළේ
විඳි පෙම් සුවඳ මහවැලි ඉවුර ළඟ මිහිදන් කළේ
නුඹ හා ගෙව්ව මොහොතක සුවය හන්තානට වැඩි
ගිනිගත් හදට රාගී සුවඳ දළු දැම්මා නිති
වරහන් නොමැති ආදර ගීය නුඹ ගැයුවේ බැඳි
නුඹ කළ පෙමට මා දුන් දුකම දැන් මා විඳවමි
නුඹ කළ පෙමට මා දුන් දුකම දැන් මා විඳවමි
අවසන් වරට කළ පෙම් සටන ළඟ මා පැරදුනේ
අවසන් වසර මා හා ගෙව්ව පෙම අවසන් වුනේ
සරසවි උයන තනි වූ දිනෙක මා එහි තනි වුනේ
විඳි පෙම් සුවඳ මහවැලි ඉවුර ළඟ මිහිදන් කළේ
විඳි පෙම් සුවඳ මහවැලි ඉවුර ළඟ මිහිදන් කළේ
මල්වර නැකත වැරදී උන්න ඇය හා මා බැඳි
සංවර සසර ළඟ මා නිරය මැව් බව මා දනී
පූජාසනය සේ මා දුටුව නුඹටම එරෙහි වී
තව මල් පිපෙන තුරු ළඟ උන්න කාලය වැරදුනි
තව මල් පිපෙන තුරු ළඟ උන්න කාලය වැරදුනි
අවසන් වරට කළ පෙම් සටන ළඟ මා පැරදුනේ
අවසන් වසර මා හා ගෙව්ව පෙම අවසන් වුනේ
සරසවි උයන තනි වූ දිනෙක මා එහි තනි වුනේ
විඳි පෙම් සුවඳ මහවැලි ඉවුර ළඟ මිහිදන් කළේ
විඳි පෙම් සුවඳ මහවැලි ඉවුර ළඟ මිහිදන් කළේ",නුඹ හා ගෙව්ව මොහොතක සුවය හන්තානට වැඩි,big joy,Mountains,joy spent with you is unmeasurable /very big 
47,අහසේ තරු කැන් නිවිලා දුකකින් වගේ,Ruwan & Raini,Nilar N. Casim,Unkown,මතකද හැන්දෑවේ,2011,"අහසේ තරු කැන් නිවිලා දුකකින් වගේ
අඳුරේ හෑඬුවා රහසේ
තනිකම ඉහිලුම් නොදේ
ගිලුනා හද මා අඳුරේ
ඔබ පෙරදා ආදරේන් මා ලගින් උන් හැටී
එහි සැමරුම් රූ තමයි ජීවිතේ

මතකද හැන්දෑවේ අපි දෙන්නා මන්දාරම් අඳුරේ
දවසක් දා මල් වැස්සේ තෙමුනා
මතකද හැන්දෑවේ අපි දෙන්නා මන්දාරම් අඳුරේ
දවසක් දා මල් වැස්සේ තෙමුනා

තනිකම් දැනුනත් හිතට මතකය නැහැ නික්මිලා
මනරම් හැඟුම් දහස සොඳුරේ ඔබමයි සැමදා
ඔබ පෙරදා ආදරේන් මා ලගින් උන් හැටී
එහි සැමරුම් රූ තමයි ජීවිතේ

මතකද හැන්දෑවේ අපි දෙන්නා මන්දාරම් අඳුරේ
දවසක් දා මල් වැස්සේ තෙමුනා
මතකද හැන්දෑවේ අපි දෙන්නා මන්දාරම් අඳුරේ
දවසක් දා මල් වැස්සේ තෙමුනා

සුසුමේ වෙලී උණුසුම් වෙවී වස්සානයේ අප ළං වූ හැටී
හිරිමල් හිතේ හීනයක් වගේ හීනයක්ද ගීතයක්ද මේ ජීවිතේ
ඔබ පෙරදා ආදරේන් මා ලගින් උන් හැටී
එහි සැමරුම් රූ තමයි ජීවිතේ

මතකද හැන්දෑවේ අපි දෙන්නා මන්දාරම් අඳුරේ
දවසක් දා මල් වැස්සේ තෙමුනා
මතකද හැන්දෑවේ අපි දෙන්නා මන්දාරම් අඳුරේ
දවසක් දා මල් වැස්සේ තෙමුනා
මතකද හැන්දෑවේ අපි දෙන්නා මන්දාරම් අඳුරේ
දවසක් දා මල් වැස්සේ තෙමුනා
මතකද හැන්දෑවේ අපි දෙන්නා මන්දාරම් අඳුරේ
දවසක් දා මල් වැස්සේ තෙමුනා",මල් වැස්සේ තෙමුනා,rain drops,Flowers,get wet by small rain
48,මාස්ටර් සර්,Bathiya & Santhush (BnS),Bathiya & Santhush (BnS),Unkown,මාස්ටර් සර්,2009,"පනම් අටෙන් මට වැඩිකර දුන්නා
හැකි වුනත් බත් මිටක් දරුවට කවන්න
මාස්ටර් සර් මගෙ හිමි තැන දෙනවාදෝ
අනේ සර් අනුකම්පා නොසිතේදෝ
අප අතරේ කඹ ඇදිල්ලේ තරගේ මේ
නිම වෙන්නට කල් ගත වෙයි දෝ
අනේ සර් අපි මිතුරන් වෙයිදෝ
එදා දවස උදා වේවිදෝ
එදා දවස උදා වේවිදෝ
මට මතක් වෙනවා සුද්දා තැලූ පෙලූ හැටි
අපි කතා කලේ පන ගැහි ගැහි දනින් වැටී
මාස්ටර් සර් මගෙ හිමි තැන මට දෙන්න
අනේ සර් කරුණාවෙන් සලකන්න
අප අතරේ කඹ ඇදිල්ලේ තරගේ මේ
නිම වෙන්නට කල් ගත වෙයි දෝ
අනේ සර් අපි මිතුරන් වෙයිදෝ
එදා දවස උදා වේවිදෝ
අප අතරේ කඹ ඇදිල්ලේ තරගේ මේ
නිම වෙන්නට කල් ගත වෙයි දෝ
අනේ සර් අපි මිතුරන් වෙයිදෝ
එදා දවස උදා වේවිදෝ
එදා දවස උදා වේවිදෝ
එදා දවස උදා වේවිදෝ",අප අතරේ කඹ ඇදිල්ලේ තරගේ මේ,competition ,pulling the rope,competition between two peoples
49,"සාගරය බඳු වේදනාවෝ
",Senanayaka Weraliyadda,Shantha Deshabandu,Unkown,සාගරය බඳු වේදනාවෝ,Unkown,"සාගරය බඳු වේදනාවෝ
සුන්වෙලා යනවෝ
ජීවිතය ගෙන වන්දනාවක
යන්න අපි යනවෝ ...
සාගරය බඳු වේදනාවෝ
සුන්වෙලා යනවෝ
ජීවිතය ගෙන වන්දනාවක
යන්න අපි යනවෝ ...
MUSIC

පෙරුම් පුරනා බෝසතුන්ටත්

මාර සෙන් සිටියෝ
ඉතින් එහෙනම් අපට නැතිවෙද
රුදුරු බාධාවෝ
පැමිණි දුක්‌ කඳ පැණිරසක්‌ ලෙස
බෝසතුන් සිතුවෝ
ඉතින් එහෙනම් අපිත් ඉවසමු
දුක්‌ඛ ගංගාවෝ
සාගරය බඳු වේදනාවෝ
සුන්වෙලා යනවෝ
ජීවිතය ගෙන වන්දනාවක
යන්න අපි යනවෝ
MUSIC

එදා කඳුලැල් මෙදා හසරැල්

පැතුම් ඉටුවෙනවෝ
පැතුම් හොඳනම් යනෙන ගමනෙදි
සිහින එළිවෙනවෝ
මිනිස්‌ ලොවකට ලබන්නට බැරි
ජයක්‌ කොතැනකදෝ
මිනිස්‌කම් මත දිවි ගෙවයිනම්
ඔවුන් ජය ලැබුවෝ
සාගරය බඳු වේදනාවෝ
සුන්වෙලා යනවෝ
ජීවිතය ගෙන වන්දනාවක
යන්න අපි යනවෝ ..
සාගරය බඳු වේදනාවෝ
සුන්වෙලා යනවෝ
ජීවිතය ගෙන වන්දනාවක
යන්න අපි යනවෝ","පෙරුම් පුරනා බෝසතුන්ටත්
මාර සෙන් සිටියෝ",enemies,death army,every person may have enimies
50,"මල් වියනින් බැදි මහ බැද්දේ උන්..

",Senanayaka Weraliyadda,Senanayaka Weraliyadda,Unkown,මල් වියනින් බැදි මහ බැද්දේ උන්,Unkown,"මල් වියනින් බැදි මහ බැද්දේ උන්..

අකුරු කරන්නට නුවරට ගිය මන්..
නුවර පිරීලා එරමිණි කටු වැල්
ආයෙත් බැද්දට එනවා මන්

මල් වියනින් බැදි මහ බැද්දේ උන්..
අකුරු කරන්නට නුවරට ගිය මන්..
නුවර පිරීලා එරමිණි කටු වැල්
ආයෙත් බැද්දට එනවා මන්

තෙන් තෙදිනන් තෙදිනන් තෙදිනන්
තෙදිනන් තෙදිනානේ.........
තෙදිනන් තෙදිනන් තෙදිනන් තෙදිනන්
තෙදිනානේ......... හොයි


මල් පැනි මෝරන කාලෙට බැද්දේ

ගී පද ගොතලා තාලෙට කීවේ


මල් පැනි මෝරන කාලෙට බැද්දේ

ගී පද ගොතලා තාලෙට කීවේ

සොර බොර වැව ලග කොමලිගේ කෝමල

නුවර කොහේවත් තිබුනා නම්

මල් වියනින් බැදි මහ බැද්දේ උන්..
අකුරු කරන්නට නුවරට ගිය මන්..
නුවර පිරීලා එරමිණි කටු වැල්
ආයෙත් බැද්දට එනවා මන්

තෙන් තෙදිනන් තෙදිනන් තෙදිනන්
තෙදිනන් තෙදිනානේ.........
තෙදිනන් තෙදිනන් තෙදිනන් තෙදිනන්
තෙදිනානේ......... හොයි


මහතුන් වෙනවාට වැඩිය හොදායි මට
බැද්දේ බතාක් කර හිටියානම්

මහතුන් වෙනවාට වැඩිය හොදායි මට
බැද්දේ බතාක් කර හිටියානම්

මල් පට ඇරුනම කුරුලු මිටේ ගැර

ආයෙත් බැද්දට එනවා ම්ං

මල් වියනින් බැදි මහ බැද්දේ උන්..
අකුරු කරන්නට නුවරට ගිය මන්..
නුවර පිරීලා එරමිණි කටු වැල්
ආයෙත් බැද්දට එනවා මන්

මල් වියනින් බැදි මහ බැද්දේ උන්..
අකුරු කරන්නට නුවරට ගිය මන්..
නුවර පිරීලා එරමිණි කටු වැල්
ආයෙත් බැද්දට එනවා මන්

තෙන් තෙදිනන් තෙදිනන් තෙදිනන්
තෙදිනන් තෙදිනානේ.........
තෙදිනන් තෙදිනන් තෙදිනන් තෙදිනන්
තෙදිනානේ......... හොයි

තෙන් තෙදිනන් තෙදිනන් තෙදිනන්
තෙදිනන් තෙදිනානේ.........
තෙදිනන් තෙදිනන් තෙදිනන් තෙදිනන්
තෙදිනානේ......... හොයි",නුවර පිරීලා එරමිණි කටු වැල්,harmful things,thorn vines,town has a lot of  hamrmful things
51,"රෝද හතරේ මාලිගාව
",Asanga Priyamantha Peiris,Asanga Priyamantha Peiris,Unkown,රෝද හතරේ මාලිගාව,Unkown,"රෝද හතරේ මාලිගාව
කලුවර වීදුරු ගුහාව
රෝද හතරේ මාලිගාව
කලුවර වීදුරු ගුහාව
පිටුපස දූවිලි වලාව
පිටුපස දූවිලි වලාව
කැරකෙනවා...
අපි අයින් වෙලා
පයින් යමු පුතේ...
ඇතුල නුවරඑලිය වගේ
පිටතින් කළුවලා නැගේ
බාගෙට සිංහල බාගෙට
ඉංගීසිය මරන රගේ
ඉංගීසිය මරන රගේ
රෝද හතරේ මාලිගාව
කලුවර වීදුරු ගුහාව
රෝද හතරේ මාලිගාව
කලුවර වීදුරු ගුහාව
පිටුපස දූවිලි වලාව
පිටුපස දූවිලි වලාව
කැරකෙනවා...
අපි අයින් වෙලා
පයින් යමු පුතේ...
රන්පොටවල් දිලිසෙනවා
ළාදළු සේ බැබලෙනවා
චීස් බටර් වලින් තැනූ
දෙව් රූපය ඇවිදිනවා
රෝද හතරේ මාලිගාව
කලුවර වීදුරු ගුහාව
රෝද හතරේ මාලිගාව
කලුවර වීදුරු ගුහාව
පිටුපස දූවිලි වලාව
පිටුපස දූවිලි වලාව
කැරකෙනවා...
අපි අයින් වෙලා
පයින් යමු පුතේ.","රෝද හතරේ මාලිගාව
",car,palace,car/ vehicle
52,මියුරු පෙම් මදිරාවේ,Ranil Mallawarachchi,unknown,Unkown,Samanala Renak Se,2007,"මියුරු පෙම් මදිරාවේ
නුහුරු රස දැනුනාවේ
සත්සරේ... රැව් දිදී
පුරවන්න මා දෙසවන් මිහිරේ
දෙතොල් පෙති පුබුදාලා
පියුම් පැහැ විහිදාලා
දෙනෙතෙහී නිල්මිණී
ලෙළවන්න මා නලවා සොඳුරේ
මියුරු පෙම් මදිරාවේ
හසරැල් අමාදියේ තිසරුන් තෙමී ගියේ
හසරැල් අමාදියේ තිසරුන් තෙමී ගියේ
රන්වන් ලතාවෙන් ඉන්න ලංවී
සුදේහිනියේ දිවා රැයේ
මියුරු පෙම් මදිරාවේ
නුහුරු රස දැනුනාවේ
සත්සරේ... රැව් දිදී
පුරවන්න මා දෙසවන් මිහිරේ
මියුරු පෙම් මදිරාවේ
කඳු හෙල් මැදින් ඇදී එමි ආදරේ සොයා
කඳු හෙල් මැදින් ඇදී එමි ආදරේ සොයා
සිහිනෙන් පැතූ සේ වස්තුවක් දැන්
තියේ හිමිවී මගේ කියා
දෙතොල් පෙති පුබුදාලා
පියුම් පැහැ විහිදාලා
දෙනෙතෙහී නිල්මිණී
ලෙළවන්න මා නලවා සොඳුරේ
මියුරු පෙම් මදිරාවේ
නුහුරු රස දැනුනාවේ
සත්සරේ... රැව් දිදී
පුරවන්න මා දෙසවන් මිහිරේ
මියුරු පෙම් මදිරාවේ","දෙනෙතෙහී නිල්මිණී",eye,blue gem,bule eyes
53,අම්මා කියලා ,Jude Rogans,Dilan Gamage,Unkown,අම්මා කියලා ,2016,"අම්මා කියලා බහ තෝරනා
වයසේ ඉදලා නැතුවම බැරි උනා
ගන්නා හුස්මන් පවා නැලවිලි ගීයක් උනා...
මග හැරුනාද අම්මාව පෙම් කරනදා මා පෙම් කරනදා..

හිමාලෙට වඩානේ ඔබ පෙම් කරානේ
මහමෙර තරමට දරු දුක දරා..

ජාතිත් ඔබයිනේ..
සසරෙම පතන්නේ..
හැම බවයේ එනු මාගෙ අම්මා වෙලා..

අනුකම්පා කරලා දෙන්න පුතාට සමා..
වෙනසක් නොකරමි මා මගෙ අම්මාට සසරෙ පුරා..
අම්මෙ ඔබ වාගෙ කව්රුත් ම නෑ හමුවෙලා..
මට නෑ හමු වෙලා..

අම්මා කියලා //...",හුස්මන් පවා නැලවිලි ගීයක් උනා,mother's words,Poem,Every words of mother is lovely
54,"සිත අනන්තයේ රැදිලා සද සේ
දි",Kaveesha Kaviraj,Imesh Wijebandara,Unkown,සිත අනන්තයේ,2019,"සිත අනන්තයේ රැදිලා සද සේ
දිලුනා දිලුනා දිලුනා දිලුනා
ජීවිතයේ කවුළු හැම වසන්තයෙ
අපි තුරුළු වෙවී
වින්දා වින්දා වින්දා වින්දා
උමතු කදුළු සුළි කුණාටුවක් වී විනාශයක්
මැවුනා මැවුනා මැවුනා මැවුනා
රකුසු වෙස් මකුළි ඉඩෝරයේ
රළු පොලවක් සේ
දැවුනා දැවුනා දැවුනා දැවුනා
වේදනා බුබුලු

දූවිලි කුණාටුවේ පාවෙන
සුර කුමාරියේ
ඇසුනා සැම කතා බහේ
පිරිහී ඔබ සමාජයේ
මා නොසිතූ විරාමයේ
නවතීමට ලගා උනේ
මායා නෙත තරාදියේ කියලා ඔබ පලාගියේ

සිත අනන්තයේ රැදිලා සද සේ
දිලුනා දිලුනා දිලුනා දිලුනා
ජීවිතයේ කවුළු හැම වසන්තයෙ
අපි තුරුළු වෙවී
වින්දා වින්දා වින්දා වින්දා
උමතු කදුළු සුළි කුණාටුවක් වී විනාශයක්
මැවුනා මැවුනා මැවුනා මැවුනා
රකුසු වෙස් මකුළි ඉඩෝරයේ
රළු පොලවක් සේ
දැවුනා දැවුනා දැවුනා දැවුනා
වේදනා බුබුලු

පාවෙන වලාතිරේ සද
බාගෙට ගිලී ගියේ
ඔබ නැති මේ නුරා රැයේ
ගිම්හානය පවා සැලේ
දෑස පුරා ඇදුනා කැලබූ
සිතුවිලි සේනා
දින් තාරු සෙනේ දියවී සංසාරේ පුරා මැවුනා",දූවිලි කුනාටුවේ පාවෙන සුරකුමාරියේ,bad society,dust storm,Girl living in bad society
55,ආදරේ ඔබෙන් දැනුනු තරම්,Pradeep Rangana,Pradeep Rangana,Unkown,Obagen Tharam,2017,"ආදරේ ඔබෙන් දැනුනු තරම්
දැවි දැවි හිතම වෙලුනු තරම්
ආදරේ ඔබෙන් දැනුනු තරම්
දැවි දැවි හිතම වෙලුනු තරම්
ජීවිතේ සතුට මේ තරම්
නැහැ දැනුනේ මේ ලෝකේ
මට ලැබුණු ඔබගෙන් තරම්
නැහැ දැනුනේ මේ ලෝකේ
මට ලැබුණු ඔබගෙන් තරම්
ඔබ මැවු පද පෙලින්
මා හදේ ගීතයක් ලීවා
නොමැකෙනා පද වලින්
ජීවිතේ තනුව මම ලීවා
උපදිනා මතු හැම භවේ
මං ඉන්නවා ඔබගේ පපුතුරුලේ උණුහුම වෙලා
මං ඉන්නවා ඔබගේ පපුතුරුලේ උණුහුම වෙලා
කටු මතින් යන ජීවිතේ
මල් වලින් අපි සරසමු
ඔබේ හැඟුම් මගේ කියා
සම සිතින් අපි විදගමු
උපදිනා මතු හැම භවේ
මං ඉන්නවා ඔබගේ පපුතුරුලේ උණුහුම වෙලා
මං ඉන්නවා ඔබගේ පපුතුරුලේ උණුහුම වෙලා
ආදරේ ඔබෙන් දැනුනු තරම්
දැවි දැවි හිතම වෙලුනු තරම්
ආදරේ ඔබෙන් දැනුනු තරම්
දැවි දැවි හිතම වෙලුනු තරම්
ජීවිතේ සතුට මේ තරම්
නැහැ දැනුනේ මේ ලෝකේ
මට ලැබුණු ඔබගෙන් තරම්
නැහැ දැනුනේ මේ ලෝකේ
මට ලැබුණු ඔබගෙන් තරම්","කටු මතින් යන ජීවිතේ
",life challenges,Thorns,hard life journey with challenges
56,"ආදරයේ පාවෙන හැඟුමක්",Pradeep Rangana,Pradeep Rangana,Unkown,පෙම් සිහිනේ,2014,"ආදරයේ පාවෙන හැඟුමක්
ජීවිතයක් සෙව්වා
ආදරයේ පාවෙන හැඟුමක්
ජීවිතයක් සෙව්වා
පුරාණේ මගේ වූ ඔබේ ආදරේ
මිරිඟුවක් තනිකමක් විතරමයි
පෙම් සිහිනේ... සිත සැනසූ සේයාවි
ඔබ මාගේ සිත රැවටූ මායාවී
පෙම් සිහිනේ... සිත සැනසූ සේයාවි
ඔබ මාගේ සිත රැවටූ මායාවී
මා ළඟින් ලංවෙලා - ඔබ එදා කී කතා
මගෙ දිළිඳු ලෝකෙ මාළිඟාවක් කළා
ඒ තැනූ මාළිඟා - සුන්වෙලා ගිය දිනේ
අඬන්න කඳුළු ඉතිරි නොකර යන්න ඔබ කියා
පෙම් සිහිනේ... සිත සැනසූ සේයාවි
ඔබ මාගේ සිත රැවටූ මායාවී
පෙම් සිහිනේ... සිත සැනසූ සේයාවි
ඔබ මාගේ සිත රැවටූ මායාවී
වස්සානයේ තනිවෙලා - තුරුළු වී උණුසුමේ
දෑඟිල්ලේ පැටලී උන් සැඳෑව සුන්දරයි
නුඹ මගේ හැම භවේ - දිව්රලා සෙනෙහසින්
කී කතාව මාගෙ ලෝකෙ තනිවෙලා ගියා
පෙම් සිහිනේ... සිත සැනසූ සේයාවී
ඔබ මාගේ සිත රැවටූ මායාවී
පෙම් සිහිනේ... සිත සැනසූ සේයාවී
ඔබ මාගේ සිත රැවටූ මායාවී","මගෙ දිළිඳු ලෝකෙ මාළිඟාවක් කළා",Life,palace,Made my poor life rich
57,පායා එන සඳවත,Bathiya and Santhush,"Wasantha Dukgannarala
",Unkown,නේත්තරා,2005,"පායා එන සඳවත මනරම්
තනිකමත් බෝම සීතයි
වාවාගෙන මහමෙරක තරම්
උණුසුමකින් තුරුළු වෙමි
දිවිය පුරා ලඟ හිඳ...
මා හා සංසාරේ වෙළෙනා
පිනි බිඳක් සේම පායයි
උණුසුමකින් තුරුළු වෙමි
සසර පුරා ලඟ ඉඳිමි
නොහඩනා දිනක් නොතිබුනාද මන්දා
ඔබ පෙම් හසුනක ලියනා
පෙම් කවි කීවෙමි මුමුණා
මඟ බලා හිදී නම්
පායා එන සඳවතක තරම්
තනිකමත් බෝම සීතයි
වාවාගෙන මහමෙරක් තරම්
උණුසුමකින් තුරුළු වෙමි
දිවිය පුරා ලඟ හිඳ
මා හා සංසාරේ වෙළෙනා
පිනි බිඳක් සේම පායයි
උණුසුමකින් තුරුළු වෙමි
සසර පුරා ලඟ ඉඳිමි
නොසැලෙනා සිතින් නෙලාගන්න තිබෙනා
නෙතු අද්දර මල් පිපෙනා
හැර යන්නට සිත නෙදෙනා
අපි අපේම වේ නම්
පායා එන සඳ සිසිල අරන්
මා හා ඉඳ ගං ඉවුර ලඟින්
උණුසුමකින් තුරුළු වෙමි
දිවිය පුරා ලඟ හිඳ
මා හා සංසාරේ වෙළෙනා
පිනි බිඳක් සේම පායයි
උණුසුමකින් තුරුළු වෙමි
සසර පුරා ලඟ ඉඳිමි",පායා එන සඳවත මනරම්,Face,Moon,Face which is like the rising moon is beautiful
58,සඳවතියේ,Centigradz,Sajith Dilpahan,Unkown,Urumaya,2006,"තාන තනා තම්දේ නා තම් දෙනා නා
තෙතන තනා තම්දේ නා තම් දෙනා නා
සඳවතියේ ඔබ මුදු දෑතේ
වළලු හඬින් මා සිත පිබිදේ
ඔමරි ලතා මා හද දැවටේ
පායන සඳ මෙන් ඔබ මා සිත බැබලේ
තාන තනා තම්දේ නා තම් දෙනා නා
තෙතන තනා තම්දේ නා තම් දෙනා නා
තාන තනා තම්දේ නා තම් දෙනා නා
තෙතන තනා තම්දේ නා තම් දෙනා නා
තාන තනා
තනා නා තම් දෙනා නා
හැන්දෑවේ සඳකැන් අතරේ
මා සෙනෙහෙ ඔබ ළඟ රැඳුනේ
රෑ අහසේ රන්තරු දිලිසේ
තනිකම ආවේ තනියට මාගේ
තාන තනා තම්දේ නා තම් දෙනා නා
තෙතන තනා තම්දේ නා තම් දෙනා නා
ඔය දෙතොලේ සිනහව දැකලා
රන් ගොයමේ මල් පීදී නැමිලා
දෙවට දිගේ තුරු වැල් සැලෙනා
මන බැන්දූ ඔබේ රුව දැකලා
බැන්ද වාන කුලු යතුරු සදාලා
අන්දවාන දෙදෙ... නෙකුට කියාලා
කැන්දවාන අලු යන්තරෙ ඇදලා
කන්දෙ බැදෙන බැත පැහැපත් කරලා
තාන තනා තම්දේ නා තම් දෙනා නා
තෙතන තනා තම්දේ නා තම් දෙනා නා
තාන තනා තම්දේ නා තම් දෙනා නා
තෙතන තනා තම්දේ නා තම් දෙනා නා",සඳවතියේ ඔබ මුදු දෑතේ,Girls,Moon,Girl with soft hands
59,හීන තටාකෙක,Chillie,None,Unkown,Beginning New Music,2012,"හීන තටාකෙක මූන බලාගෙන ඔබට කතා කෙරුවා
පාර පුරාවට ආල නුරාවට අපට කතා හැදුනා

බලා ඉන්න ඇස් දෙක දල්වා
හිතේ ඇල්ම මා වෙත රන්දා
මුවා වෙන්න මල් පෙති තිබ්බා
සුසුම් ඇවිත් තොල් පෙති සිම්ඹා

එහෙම වෙලාවට යහන පුරාවට නුඹගෙ සුවඳ සෙව්වා
හංසියේ පාන සිනාවට ලෝබ වෙලා මම කඳුලු පවා සැලුවා

හීන තටාකෙක මූන බලාගෙන ඔබට කතා කෙරුවා
පාර පුරාවට ආල නුරාවට අපට කතා හැදුනා

බලා ඉන්න ඇස් දෙක දල්වා
හිතේ ඇල්ම මා වෙත රන්දා
මුවා වෙන්න මල් පෙති තිබ්බා
සුසුම් ඇවිත් තොල් පෙති සිම්ඹා

හංසියේ මොනවා කලත් මම ඔබට හෘදෙ පිදුවා
මගෙ හීන ලොවේ පෙම් රැජින වෙලා ඔබ තුරුලු වෙලා හිටියා පපුවට

හීන තටාකෙක මූන බලාගෙන ඔබට කතා කෙරුවා
පාර පුරාවට ආල නුරාවට අපට කතා හැදුනා",හීන තටාකෙක,Dreams & Imaginations,Pool,Speaker had a conversation with the listener while both were in a dreamlike state or environment
60,ඔබ මගෙමයි,Ranindu,Chanaka Jayasekara,Unkown,ඔබ මගෙමයි,2003,"උණුසුම් වූ මේ කුරිරු ලොවේ
ඇයිද මා මෙසේ තනි කෙරුවේ
මා ළය උණු වී හඩා වැටෙන විට
ඔබ වෙනතක දැන් බලවිදෝ
දිවිය පුරා මා ඔබ රකිමි
මනුදම් ගුණදම් කියාදෙමි
ඔබ මගෙමයි මා ඔබෙමයි
සසර පුරා අප සිටින තුරා
ගලා හැලෙන නිල් නදිය ඔබයි
දොරේ ගලා යන සෙනෙහෙ ඔබයි
හිමිදිරි උදයේ සුවය ඔබයි
මගේ දිවිය හිමිකාරී ඔබයි
ගලා හැලෙන නිල් නදිය ඔබයි
දොරේ ගලා යන සෙනෙහෙ ඔබයි
හිමිදිරි උදයේ සුවය ඔබයි
මගේ දිවිය හිමිකාරී ඔබයි
(Wowwooho ho ho ho)
(Yeay yeay yeah yeah yeah)
අඳුරු වූ මේ සැහැසි ලොවේ
ඔබයි මමයි ආලෝකය වේ
ආදරයට ලෝකය හඬනා විට
ඔබයි මමයි වෙනතක යාදෝ
ගහකොළ ඇලදොළ අපේ තමයි
පුංචි පැටව් රැල අපේ තමයි
මා මෙන් ඔබ මෙන් අපේ ලෝකයක්
රැකෙන්නේ අප රැකුනොත් පමණයි
ගලා හැලෙන නිල් නදිය ඔබයි
දොරේ ගලා යන සෙනෙහෙ ඔබයි
හිමිදිරි උදයේ සුවය ඔබයි
මගේ දිවිය හිමිකාරී ඔබයි
ගලා හැලෙන නිල් නදිය ඔබයි
දොරේ ගලා යන සෙනෙහෙ ඔබයි
හිමිදිරි උදයේ සුවය ඔබයි
මගේ දිවිය හිමිකාරී ඔබයි
සසර අප සිටින තුරා
ගලා හැලෙන නිල් නදිය ඔබයි
දොරේ ගලා යන සෙනෙහෙ ඔබයි
හිමිදිරි උදයේ සුවය ඔබයි
මගේ දිවිය හිමිකාරී ඔබයි
ගලා හැලෙන නිල් නදිය ඔබයි
දොරේ ගලා යන සෙනෙහෙ ඔබයි
හිමිදිරි උදයේ සුවය ඔබයි
මගේ දිවිය හිමිකාරී ඔබයි",ගලා හැලෙන නිල් නදිය ඔබයි,People,Rivers,You are beautiful just like a flowing blue river
61,මල් පැන් පොදක් ,Bathiya and Santhush,"Wasantha Dukgannarala",Unkown,Tharunyaye,2002,"මගෙ සිහිනේ ඔබයි
මගෙ සිහිනේ ඔබයි
තනි යහනේ නොවෙයි
ආදරයේ හද උණුසුම ඔබයි
ඔබෙ සෙනෙහේ මගෙයි
ඔබෙ සෙනෙහේ මගෙයි
තනි යහනේ නොවෙයි
ආදරයේ ඔබ මුතුලැල් වටී
මගෙ සිහිනේ ඔබයි
ඔබෙ සෙනෙහේ මගෙයි
තනි යහනේ නොවෙයි (නොවෙයි)
ආදරයේ හද උණුසුම ඔබයි
මල් පැන් පොදක් කිනිත්තක් අගින්
ඉසින්නා වගෙයි මට ඔබේ ආදරේ...!!
මල් පැන් පොදක් කිනිත්තක් අගින්
ඉසින්නා වගෙයි මට ඔබේ ආදරේ...!!
නෙළුමක් නෙළුමක් අරං...
මගෙ සිහිනේ ඔබයි
ඔබෙ සෙනෙහේ මගෙයි
තනි යහනේ නොවෙයි (නොවෙයි)
ආදරයේ හද උණුසුම ඔබයි
ඔබගෙන් තරම් ලැබූ පෙම් වදන්
ඉතිං ආදරෙයි නම් බෝහෝමයි හැගුම්...!!
ඔබගෙන් තරම් ලැබූ පෙම් වදන්
ඉතිං ආදරෙයි නම් බෝහෝමයි හැගුම්...!!
අහසක් අහසක් තරම්.
මල් පැන් පොදක් කිනිත්තක් අගින්
ඉසින්නා වගෙයි මට ඔබේ ආදරේ...!!
ඔබගෙන් තරම් ලැබූ පෙම් වදන්
ඉතිං ආදරෙයි නම් බෝහෝමයි හැගුම්...!!
මල් පැන් පොදක් කිනිත්තක් අගින්
ඉසින්නා වගෙයි මට ඔබේ ආදරේ...!!
ඔබගෙන් තරම් ලැබූ පෙම් වදන්
ඉතිං ආදරෙයි නම් බෝහෝමයි හැගුම්...!!
මල් පැන් පොදක්...",මගෙ සිහිනේ ඔබයි,People,Dream,Having strong feelings for a person
62,හදසැලෙනා,Aruna Liyan,Hemasiri Halpita,Unkown,හදසැලෙනා,2008,"නිල් නුවන් හසකැලුම් – පවසමින් පෙම් හැගුම්
ජීවිතයේ . යෞවනයේ දකිනා.  
සුර ළදුන් සෙනෙහසින් – මගෙ පැතුම් සරසමින්
මා දෙනෙතේ... මා මනසේ... රැදුනා.

හදසැලෙනා. රැයේ හිම සිසිලේ...
රහසේ. අහසේ ඈත ඉමේ
මුතු වරුසා සැලුනා තාම මැවේ...
නෙබිදී නොමැකී ඒ මතකේ...

සිතු ලෙසින් සැනසෙම්න් – නිදහසෙන් නැලවෙමින්
මගෙ දිවියේ. ඒ යුගයේ තිබුනා
දහසකින් සුව දසුන් පහසකින් ලද රසින්
මෝහනයේ... සත්සරයේ රැදුනා.

හදසැලෙනා. රැයේ හිම සිසිලේ...
රහසේ. අහසේ ඈත ඉමේ
මුතු වරුසා සැලුනා තාම මැවේ...
නෙබිදී නොමැකී ඒ මතකේ...

හදසැලෙනා. රැයේ හිම සිසිලේ...
රහසේ. අහසේ ඈත ඉමේ...
හදසැලෙනා. රැයේ හිම සිසිලේ...
රහසේ. අහසේ ඈත ඉමේ
මුතු වරුසා සැලුනා තාම මැවේ...
නෙබිදී නොමැකී ඒ මතකේ...//
",මුතු වරුසා සැලුනා තාම මැවේ,Rain,Pearl,Continue to experience or observe something that is very valuable or precious to them as if it were raining down from the sky in abundance.
63,දිව්‍යංගනාවී,Prasanga Thisera,Sampath Fernandopulle,Unkown,දිව්‍යංගනාවී,2018,"සිතින් ප්‍රේම වඩනා
මා සුරංගනාවී
මගේ ලයේ දැවටී
දුක් තැවුල් නිවාවී
තාරකා රිදී සිනාවන්
අහස්කුස මැවූ රටාවන්
පීදෙනා මගේ හැගුම් සිත්තම්
මා දිව්‍යය අංගනාවී

දේදුන්නේ හීන කැන්දූ
නීල වර්ණේ
නේත්‍රා මනරම්
රෑ කාලේ සේද රැන්දූ
කේෂ සේනා මවනා සිතුවම්

සිතින් ප්‍රේම වඩනා
මා සුරංගනාවී
මගේ ලයේ දැවටී
දුක් තැවුල් නිවාවී
තාරකා රිදී සිනාවන්
අහස්කුස මැවූ රටාවන්
පීදෙනා මගේ හැගුම් සිත්තම්
මා දිව්‍යය අංගනාවී

හැන්දෑවේ සයුරු තීරේ
කීව ගීතේ මාත්‍රා හුරතල්
මල් වාගෙ කෝල බැල්ම
පෑයු මූනේ මායා විකුමන්
මාලතී කොපුල් සිනාසී
ආදරේ දෝර ගලාවී
සුසුම් වැල් දෑසේ මියැදී

සිතින් ප්‍රේම වඩනා
මා සුරංගනාවී
මගේ ලයේ දැවටී
දුක් තැවුල් නිවාවී
තාරකා රිදී සිනාවන්
අහස්කුස මැවූ රටාවන්
පීදෙනා මගේ හැගුම් සිත්තම්
මා දිව්‍යය අංගනාවී

සිතින් ප්‍රේම වඩනා
මා සුරංගනාවී
මගේ ලයේ දැවටී
දුක් තැවුල් නිවාවී
තාරකා රිදී සිනාවන්
අහස්කුස මැවූ රටාවන්
පීදෙනා මගේ හැගුම් සිත්තම්
මා දිව්‍යය අංගනාවී",තාරකා රිදී සිනාවන්,Smile,Silver Stars,Smiles described as dazzling or brilliant like stars in the night sky
64,නීල දෑසේ ,Romesh & Lakshan,Rinaz Mohomad,Unkown,නීල දෑසේ ,2007,"නීල දෑසේ දුටුවා ඔබෙ පේ‍්‍රම ආලිංගයේ
ගීත රාවේ දැනුනා සොඳුරු දෙහද රන් සත්සරේ
මාහදේ වෙළෙනා ඔබ මගේ සිහිනේ පිරුනා
මිහිරාවියේ මාගේ
මුලකුරු ඔබයි මාගේ සෙනෙහසේ හොඩියේ
පිංචිලා ලියවූ දිනේ
සිත පෙම් පුරන මං සොයන මා ජීවිතේ
අනිමි සේ බැඳුනා නිල් නෙත් යුග මා
මා හදේ වෙළෙනා ඔබ මගේ සිහිනේ පිරුනා
මතකයන් වාගේ
හදවත උයන් තෙරේ පිනූ රස පළ වැලේ
ඔබ තමා නොඉඳුල් පළේ
රස සොයන බිඟු කැලක විස දළ තුඩින්
සඳවමි දිවිපුරා මාගේ ආදරේ
මා හදේ වෙළෙනා ඔබ මගේ සිහිනේ පිරුනා
මතකයන් මාගේ
නීල දෑසේ දුටුවා ඔබෙ පේ‍්‍රම ආලිංගයේ
ගීත රාවේ දැනුනා සොඳුරු දෙහද රන් සත්සරේ
මාහදේ වෙළෙනා ඔබ මගේ සිහිනේ පිරුනා
මිහිරාවියේ මාගේ",මුලකුරු ඔබයි මාගේ සෙනෙහසේ හොඩියේ,Love,Initials,You are the starting point or foundation of the my love and that they are very important to the me
65,සංසාරිණී,Yasas Medagedara,Sajith Akmeemana,Unkown,සංසාරිණී,2019,"කඳුලයි පවසන්නේ සැඟවූ ඒ ආදරේ
අදමයි මා දන්නේ නොකියූ ඒ ආදරේ
කඳුලයි පවසන්නේ සැඟවූ ඒ ආදරේ
අදමයි මා දන්නේ නොකියූ ඒ ආදරේ
සඳේ මං කෙසේ කියන්නේ
හිතේ තියෙන ඒ ආදරය
මා මන්මත් කෙරූවා කියා ඔබ දුටූදා
නෙතේ වේදනා නිවෙන්නේ
ඔබේ රූ නිසා
හිත පාවෙලා දුර ගියා
පෙම් වර්ෂා වහී මා තෙමා
සිත් සංකා නිවී යයි මෙදා
සංසාරිණී මගේ
නන්නාඳුනන්නියේ
මා මවනා හීනයේ
ඔබ ඉන්නවා වගේ
සංසාරිණී මගේ
නන්නාඳුනන්නියේ
මා මවනා හීනයේ
ඔබ ඉන්නවා වගේ
දේදුන්නේ පවා නැති සොබා රූපේ
හැංගෙන්නේ ඔබේ ළඟ තමා
කුළුඳුලේ මාගේ ප්රේමාදරේ
නේක වාරේ බැඳේ හදවතේ
පෙම් වර්ෂා වහී මා තෙමා
සිත් සංකා නිවී යයි මෙදා
සංසාරිණී මගේ
නන්නාඳුනන්නියේ
මා මවනා හීනයේ
ඔබ ඉන්නවා වගේ
සංසාරිණී මගේ
නන්නාඳුනන්නියේ
මා මවනා හීනයේ
ඔබ ඉන්නවා වගේ
සඳේ මං කෙසේ කියන්නේ
හිතේ තියෙන ඒ ආදරය
මා මන්මත් කෙරූවා කියා ඔබ දුටූදා
නෙතේ වේදනා නිවෙන්නේ
ඔබේ රූ නිසා
හිත පාවෙලා දුර ගියා
පෙම් වර්ෂා වහී මා තෙමා
සිත් සංකා නිවී යයි මෙදා
සංසාරිණී මගේ
නන්නාඳුනන්නියේ
මා මවනා හීනයේ
ඔබ ඉන්නවා වගේ
සංසාරිණී මගේ
නන්නාඳුනන්නියේ
මා මවනා හීනයේ
ඔබ ඉන්නවා වගේ
සංසාරිණී මගේ
",පෙම් වර්ෂා,Love,Rain,Large or abundant amount of love
66,"ප්‍රාතිහාරී
","Supun Perera",Shehan Galahitiyawa ,Unkown,"ප්‍රාතිහාරී
",2019,"ප්රාතිහාරී නුරා ගේනා
මීන දෑසේ මවා ආශා
රූපසාරි මැවී පේනා
චන්ද්රශෝභා රසේ පානා
මන ආශා රටා පානා
හිත පෑහී සොබා ගේනා
නේත්රා මානනා
සිත පාරා පෑ සිනා
සීමා නෑ සිතා
ඉඟි පානා දෑසිනා
සිහින යායේ සරා මා හා
එනවාදෝ මවා සේයා
ප්රේම හීනේ සොබා ගේනා
සේයා රෑගෙනා
නිම නේනා කාරණා
ඡායා රූ මවා
නෙතු පේනා රෑ දිවා
සිහින යායේ සරා මා හා
එනවාදෝ මවා සේයා
ප්රේම හීනේ සොබා ගේනා
ප්රාතිහාරී නුරා ගේනා
මීන දෑසේ මවා ආශා
රූපසාරි මැවී පේනා
චන්ද්රඔශෝභා රසේ පානා
මන ආශා රටා පානා
හිත පෑහී සොබා ගේනා
හිත පෑහී සොබා ගේනා
ප්රේම හීනේ සොබා ගේනා",මීන දෑසේ,Eyes,Pisces,Eyes that are mysterious- intuitive or emotional
67,"සඳනාරී
","Harsha Withanage",Shehan Galahitiyawa ,Unkown,"සඳනාරී
",2018,"හුස්මේ සැමදා රැඳුනා
සඳනාරී උපමා මැවුනා
වැස්සේ සිතුසේ තෙමුනා
කිඳුරාවී මනසේ ඇඳුනා
නෙතු යාවී බැඳීලා සදා
හීන ගානේ රැයේහී පවා
සඳසේයා වතේහී මවා
පිනි සීතේ දැනේවී කතා
සුසුම් අංශු පාසා සුපෙම්වන්ත ආශා
රෑක මදනල ගවසා
හැඟුම් රංචු වීලා රැයේ පින්න පීරා
මීන ඇසිපිය සලලා
සිතේ හැඟුම කොඳුරා සදා මටම ලැබෙනා නාරී
සදා මාගෙ වීලා
නෙතු යාවී බැඳීලා සදා
හීන ගානේ රැයේහී පවා
සඳසේයා වතේහී මවා
පිනි සීතේ දැනේවී කතා
රැඳී ඉන්න මාහා සුපෙම් බැල්ම පාලා
සේද රතඳර මුමුනා
රැයේ නින්දෙ පායා මවා දුන්නු සේයා
දෑත සසරෙම අමුනා
සිතේ හැඟුම කොඳුරා සදා මටම ලැබෙනා නාරී
සදා මාගෙ වීලා
නෙතු යාවී බැඳීලා සදා
හීන ගානේ රැයේහී පවා
සඳසේයා වතේහී මවා
පිනි සීතේ දැනේවී කතා
හුස්මේ සැමදා රැඳුනා
සඳනාරී උපමා මැවුනා
වැස්සේ සිතුසේ තෙමුනා
කිඳුරාවී මනසේ ඇඳුනා
නෙතු යාවී බැඳීලා සදා
හීන ගානේ රැයේහී පවා
සඳසේයා වතේහී මවා
පිනි සීතේ දැනේවී කතා",සඳනාරී,Girls,Moon,A girl who is bright and pretty as the moon
68,නුරා වසන්තේ,Nadeemal Perera,Uma Aseni,Unkown,නුරා වසන්තේ,2018,"අඳුරේ ගිලී තනිවීලා මෙසේ
නාඬන් ඉතින් සොඳුරී මගේ
නොසිතා සිතා අතීතේ එදා
බිඳුනාට මණිමේඛලා
පිලිගන්නෙ මා නුඹ සීතාව සේ
හද මන්දිරේ සරසලා
අඳුරේ ගිලී තනිවීලා මෙසේ
නාඬන් ඉතින් සොඳුරී මගේ
නොසිතා සිතා අතීතේ එදා
බිඳුනාට මණිමේඛලා
පිලිගන්නෙ මා නුඹ සීතාව සේ
හද මන්දිරේ සරසලා
ගංගා තරංගා පරදන්නෙපා
ඔය දෑස කඳුළින් තෙමා
පාවී ගියාවේ අතීතේ කතා
සැඩ මාරුතේ රැලි හමා
නළලේ නුඹේ ඇන්ද තිලකේ පවා
කියාවී මගේ ප්රාර්ථනා
ප්රේමේ නුරා වසන්තේ ගෙනා
පින්සාර ළඳ නුඹ නිසා
පිලිගන්නෙ මා නුඹ සීතාව සේ
හද මන්දිරේ සරසලා
ඔය දෑසෙ පා ඒ මන බන්දනා
පෙම්වන්ත සුරතල් සිනා
සැනසෙන්න මාගේ ළයේ සැතපිලා
නව සඳ දිහා බල බලා
භවයෙන් භවේ එන්න මතු ඉපදෙනා
සංසාර පතිනිය වෙලා
ප්රේමේ නුරා වසන්තේ ගෙනා
පින්සාර ළඳ නුඹ නිසා
පිලිගන්නෙ මා නුඹ සීතාව සේ
හද මන්දිරේ සරසලා
ප්රේමේ නුරා වසන්තේ ගෙනා
පින්සාර ළඳ නුඹ නිසා
පිලිගන්නෙ මා නුඹ සීතාව සේ
හද මන්දිරේ සරසලා",පෙම්වන්ත සුරතල් සිනා,Smile,Love,Someones smile is warm- affectionate or sincere and that it reflects the love they feel towards someone else.
69,සඳගනා,Dhanith Sri,Dhanith Sri,Unkown,සඳගනා,2019,"උදුල තරු මේ අහස් තලයෙන් වසන් වී වාගේ
මාර සේනා හදට කැන්දන යාමේ ලං වූයේ
මේඝ වර්ෂා ගලා හැලුනේ සේද යහනාවේ
දෝරෙ යන මේ හැගුම් ගංගා ඔහේ සැලුනාවේ
සඳගනාවට සඳලුතල සිප සුවදෙන යාමයේ
උණුහුමේ ගිරි තුඩට මී පැණි ගෙනේවී
රාත්රියේ ආයේ
කාලෙකින් මං ආවෙ නැත්තේ පහල ගංතීරේ
ඉවුරු තල සිප ගන්න අවසර දේද හිත කීවේ
ගෙවී යන මේ භවේ ජීවිත ගානේ සංසාරේ
මගෙම වී පතිනිය නුඹේ දිවි ගෙවේවා නිබඳේ
සඳගනාවට සදලුතල සිප සුවදෙන යාමයේ
උණුහුමේ ගිරි තුඩට මී පැණි ගෙනේවී
රාත්රියේ ආයේ
",සඳගනාවට,Girls,Moon,Girl who is very attractive or captivating and who has a peaceful or serene demeanor
70,ගලන ගඟ,Charitha Attalage,Charitha Attalage,Unkown,ගලන ගඟ,2017,"නීල දෑස හා දොඩවන්නම්
වළලු හඬට මම මත් වෙන්නම්
නීල වරල මා සිඹ ගන්නම්
හීන මවා මට කතා කරන්
ගලන ගඟක රළ වාගේ
නිමාවක් නෑ නේ
ඔබෙ රූ වරුනේ
ක්ෂිතිජයක ඉමක් ගානේ
නිමාවක් නෑ නේ
ඔබෙ රූ වරුනේ
ලෞකික සැප
කාලය කාදැමීමක් නිබ්බාණෙට පිවිසෙන්න
පංචස්කන්ධයක අස්ථිර ගතිය මෙනෙහි මෙනෙහි
මං තපසෙක්ම විය නුඹ දකින්න පෙර
ඔයාගෙ ළපටි තඹර දෙකොපුල
තුහින වැටි දිළිසෙයි ඝණ අඳුර මත
ඇසට නොපෙනෙන පර්වතෙක සුන්දර බව විඳපු මට
ඔයාගෙ රුව දැක බිඳුනා මගෙ සමවැදි
සිටි දැහැන මෙතුකලක් කැළඹිලා
සම්මාදිට්ඨිය මගෙ අද නතරවෙලා
ඔයාගෙ නෙතුමුල මගෙ හේතුඵල
ගොළුවෙලා අන්ධව අතර මග කිමද
ඝන්ධකුටියෙන් හිමිට බැස සීලය පසෙක දමා
විදනසින් වැද රූපයක සොබා
එතෙර වෙන්න මං ගිය සසර මග පෙරට
ඔයා ඇවිත් අද තෘෂ්ණාවක් වෙලා
නීල දෑස හා දොඩවන්නම්
වළලු හඬට මම මත් වෙන්නම්
නීල වරල මා සිඹ ගන්නම්
හීන මවා මට කතා කරන්
ගලන ගඟක රළ වාගේ
නිමාවක් නෑ නේ
ඔබෙ රූ වරුනේ
ක්ෂිතිජයක ඉමක් ගානේ
නිමාවක් නෑ නේ
ඔබෙ රූ වරුනේ",ළපටි තඹර දෙකොපුල,Eyes,Flowers,Someone has a youthful or inexperienced perspective on things
71,හිමාලෙට වඩා උසයි,Jude Rogans,Dilan Gamage,Unkown,හිමාලෙට වඩා උසයි,2014,"හිමාලෙට වඩා උසයි සෙනෙහස පපු කඳේ..
කසාය පරාදයි වරදෙදි සැර ඔබේ..
ඇහැ ගහගෙන සිටී සමාජෙ ගැන කියයි..
හොද මිනිහෙක් වෙයන් නිතරම මට කියූ..

ආදර මගෙ තාත්තේ...////

දරදඬු හිත මගේ - අයාලෙ ගිය දිනේ..
කඳුලැල් මොනතරම් - පිරුනද ඔය නෙතේ..
ඒ ඔවදන් මා සුමඟට - ගෙන මිස නෑ හැර ගියේ..
අද මා සිටිනා තැන දැක - සතුටින් අවවාද දේ..
හොද මිනිහෙක් වෙයන් - නිතරම මට කියූ..
මතු සසරෙත් පතන්නෙ - ඔබමයි තාත්තේ..

හිමාලෙට වඩා උසයි...

කරදර ආ මගේ - නොබියව ලඟ හිදී..
දියුණුව දැක මගේ - ආශිර්වාද දේ..
නොදකින දෙවියන් වැන්දද - ඔබමයි දෙවියන් වුනේ..
උපදින හැම භවයකදිම - වෙන්නද මම පුතු ඔබේ..
හොද මිනිහෙක් වෙයන් - නිතරම මට කියූ..
මතු සසරෙත් පතන්නෙ - ඔබමයි තාත්තේ..

හිමාලෙට වඩා උසයි...
",හිමාලෙට වඩා උසයි සෙනෙහස පපු කඳේ,Love,Mountains,Love is something that rises above all other things and that it is an important or central part of ones life
72,"අහසින් එහා
",Kasun Kalhara,Nilar N. Cassim,Unkown,"ආදරණීය කතාවක්
",2016,"අහසින් එහා
තරු මං දිගේ
පියඹන්න දැන්
විහඟෙකු ලෙසින්
අහසින් එහා
සිහිනය දිගේ
පියඹන්න නම්
ආසයි ඉතිං
හිත කළඹමින්
හැඟුමන් එබී
ඔච්චම් කළේ
කවදාක හෝ
නොදැනුණු ලෙසින්
හද ගී පොතේ
සත්සර නැගී
ඒ ආදරේ
සිතුවිලි කුසුම්
විකසිත වෙමින්
මකරන්ද සුවඳින් පිරේ
ඔබගේ හඬින්
විවරණ අරන්
ජීවිතය ගීයක් වුනේ
දවසක උතුම්
කිරුළක් දරන්
ඔබ එන්න රැජිනක් ලෙසින්
හිත කළඹමින්
හැඟුමන් එබී
ඔච්චම් කළේ
කවදාක හෝ
නොදැනුණු ලෙසින්
අහසින් එහා
තරු මං දිගේ
පියඹන්න දැන්
විහඟෙකු ලෙසින්
අහසින් එහා
සිහිනය දිගේ
පියඹන්න නම්
ආසයි ඉතිං
හිත කළඹමින්
හැඟුමන් එබී
ඔච්චම් කළේ
කවදාක හෝ
නොදැනුණු ලෙසින්
හද ගී පොතේ
සත්සර නැගී
ඒ ආදරේ",සිතුවිලි කුසුම්,Dreams & Imaginations,Flowers,Thoughts or ideas that are beautiful delicate or refined
73,සදවත අහසින්,MG Dhanushka,Saman Edirimuni,Unkown,සදවත අහසින්,2014,"සදවත අහසින් වැටිලා උන්නද මන්දා මිදුලේ
නොකියම ඔය හිත උදුරන් 
යන්නට හිතුනා කෙල්ලේ
තනි වූ වෙලාවක ඔබ මගේ ලග ඉන්න මා
 හැරදා නොයා...
පපුවේ තියා හිස ඉල්ලුවොත් හිත දෙනව මං
 නොමිලෙම ලියා...

මගේ පාළු ජීවිතේ තනියට තනිකම රැදුණේ
ඔය නුහුරු නෙතු බැල්මේ හුරු හිතවත්කම තිබුණේ 
තනි වූ වෙලාවක ඔබ මගේ ලග ඉන්න මා
 හැරදා නොයා...
පපුවේ තියා හිස ඉල්ලුවොත් හිත දෙනව මං
 නොමිලෙම ලියා...

දිගු නීල ඇස් රහසේ ඉගලෙයි නොපෙනෙන මානේ
මගේ හීන මට ඕනේ කවදද ඔබ මගේ වෙන්නේ
තනි වූ වෙලාවක ඔබ මගේ ලග ඉන්න මා
 හැරදා නොයා...
පපුවේ තියා හිස ඉල්ලුවොත් හිත දෙනව මං
 නොමිලෙම ලියා...

සදවත අහසින් වැටිලා......
",සදවත,Face,Moon,A face that is very beautiful or radiant as if it were the moon falling from the sky
74,සඳවතිය ඔබයි,Roshan Fernando,Roshan Fernando,Unkown,සඳවතිය ඔබයි,2010,"සඳවතිය ඔබයි....
මුදු සුවය ඔබයි....
මගෙ ජීවිතේ.....
මගෙ ජීවිතේ....
අපි අපේ වෙමු සදා...
හිරු කුමරු ඔබයි...
මට දිරිය ඔබයි...
මගෙ ජීවිතේ...
මගෙ ජීවිතේ...
අපි අපේ වෙමු සදා...
මේ භවයේ.....ඔබ මා සොයලා..
ලංවූවා.....සෙනෙහේ පුදලා..
කතරක වැහිදිය පොදක්වගේ
හමුවූවා......ඔබ හමුවූවා..
සඳවතිය ඔබයි....
මට දිරිය ඔබයි...
මගෙ ජීවිතේ...
මගෙ ජීවිතේ...
අපි අපේ වෙමු සදා...
ඔබහා මා.......සතුටින් හිදිමූ...
දිවි ගමනේ....අපි එකට යමූ...
සමුගන්නාදා ලෝකයෙන්
එකට යමූ.....අපි එකට යමූ.....
සඳවතිය ඔබයි....
මුදු සුවය ඔබයි....
මගෙ ජීවිතේ.....
මගෙ ජීවිතේ....
අපි අපේ වෙමු සදා...
හිරු කුමරු ඔබයි...
මට දිරිය ඔබයි...
මගෙ ජීවිතේ...
මගෙ ජීවිතේ...
අපි අපේ වෙමු සදා...
අපි අපේ වෙමු සදා...",සඳවතිය,Girls,Moon,Having a strong influence on the speaker's life and actions or that they are an integral part of the speaker's life
75,සඳ වතියේ,Ashan Fernando,Nisal Fernando,Unkown,සඳ වතියේ,2018,"සඳ රූරා හීන සේයා
නෙතු පායා මායාව විහිදා
නිදි වරනා පාළු හෝරා
මට නුඹ හා විඳගන්න ඕනා
සඳ දිය දහරා හදවත පාරා
මගේ සඳ කිඳුරී මා ගාව පායා
සිතුවිලි පීරා ලය පිරිමදිනා
දිගු නිල් දෑසේ මායාවේ ගිලුණා
සඳ වතියේ...
සඳ වතියේ...
පායා තරු කැට වීණා
හීනේ සියොළඟ රැඳුනා
ඝණ අඳුරේ මා හා පිය මනිනා
අරුමොසම් දෑසට වහ වැටුණා
සෙවනැලි මාවතේ සැඟවෙන්නෙපා
කවිකාර පෙම දෝරෙ ගැලුවා
සඳ වතියේ නුඹගේ සෙනෙහේ සුසුම් ඇහැරුණා
රහසේ කාලය ගෙවනා
මායා සිහිනයේ රැඳිලා
සඳ සෙවනේ නුඹ හා නෙතු පටලා
ආදරයේ මීවිත අයදිනවා
සෙවනැලි මාවතේ සැඟවෙන්නෙපා
කවිකාර පෙම දෝරෙ ගැලුවා
සඳවතියේ නුඹගේ සෙනෙහේ සුසුම් ඇහැරුණා
සඳ රූරා හීන සේයා
නෙතු පායා මායාව විහිදා
නිදි වරනා පාළු හෝරා
මට නුඹ හා විඳගන්න ඕනා
සඳ දිය දහරා හදවත පාරා
මගේ සඳ කිඳුරී මා ගාව පායා
සිතුවිලි පීරා ලය පිරිමදිනා
දිගු නිල් දෑසේ මායාවෙ ගිලුණා
සඳ වතියේ...
සඳ වතියේ...
සඳ වතියේ...
සඳ වතියේ...
",සඳ වතියේ,Girls,Moon,Girl who is bright as the moon
76,ඔබ ගාව මම ඉන්නෙමි,Sahan Chamikara,Rookantha Gunathilaka,Unkown,ඔබ ගාව මම ඉන්නෙමි,2016,"ඔබ ගාව මම ඉන්නෙමි
සුසුමන් වගේ යාවෙවී
තනියේ තුරුල් වී මුමුණා සුපෙම් ගී
රෑ සීතලේ ළං වෙවී
තරුමල් කඩා දෙන්නෙමි //

මිණිසේ දිළෙන්නේ තරු සේ නිවෙන්නේ
ඔබගේ සිනා දෑස නේදෝ
නොසැලී තියෙන්නේ සසැලී නොයන්නේ
ඔබගේ මගේ ස්නේහෙ නේදෝ
සිත මාගෙ සනසන්නේ සරසන්නේ ඔබමයි ළඳේ
වෙන කවුරුවත් මාගේ තුරුළේ නිදන් නෑ ළඳේ

මතු ජීවිතේ දී මෙලොවින් තුරන් වී
ගුවනේ පියාඹන්න වේවි
අභ්‍යාවකාශේ ග්‍රහලෝක ගානේ
මිතුරන් සොයා යන්න වේවි
ඒ කාලෙදිත් මා පතන්නේ ඔයාවයි ළඳේ
දෙව් දූවරුන්ගෙන් අහන්නෙත් ඔයාවයි ළඳේ

ඔබ ගාව මම ඉන්නෙමි
සුසුමන් වගේ යාවෙවී
තනියේ තුරුල් වී මුමුණා සුපෙම් ගී
රෑ සීතලේ ළං වෙවී
තරුමල් කඩා දෙන්නෙමි //
",තරුමල්,Flower,Stars,Something that is beautiful radiant or shining
77,වෙඩි වරුසා,Sandun Perera,Sajith V Chathuranga,Unkown,වෙඩි වරුසා,2019,"දිනෙක වරදින්නම ඕනේ..
දැනගන්න මිනිසුන් ලෝකේ..
කවුද හැබැහින් නැති දා මෙන්..
ආදරේ කියා..
ඔබට මා හොද මදි වූයේ
ආස කරනා වටින දේ..
ගෙන දෙන්න ඉල්ලන වේගෙන්
මට බැරි නිසා..

වෙඩි වරුසා ඇද හැලුනත්
මිය නොවෙන ප්‍රේමෙට මගේ..
බොරු කරලා කවදාවත්
සැනසෙන්න බෑ අන්තිමේ..//

මාගෙ දිවියේ කිසිම දිනයේ..
නොකල දේවල් හුඟක් කෙරුවේ..
ඔබ තබන්නයි මලක් වාගේ..
සුවඳ හමමින් රෑ දිවා..

කඳුලු හෙලලා හැමට වචනෙන්
නොකීවත් මා හඬ නගා..
ඔබව නොබලා ගෙවන මොහොතත්
කල්පයක් මෙන් දැනෙනවා..

වෙඩි වරුසා ඇද හැලුනත්...

විඩාබර වී අලුත් හෙවනේ
ඔබට මතු යම් දිනෙක ආයේ..
හොඳට තේරෙයි අඩුව මාගේ
අපේ පුරාණේ සිහිවෙලා..

කඳුලු හෙලලා හැමට වචනෙන්
නොකීවත් මා හඬ නගා..
ඔබව නොබලා ගෙවන මොහොතත්
කල්පයක් මෙන් දැනෙනවා..

වෙඩි වරුසා ඇද හැලුනත්...
",වෙඩි වරුසා,Rain,Bullet,Strong and resilient love for someone and that it can withstand any challenges or obstacles that may come their way
78,මල් වරුසාවේ,Kasun Kalhara,Romain Mendis,Unkown,මල් වරුසාවේ,2007,"මල් වරුසාවේ පාවී එන්නම්
රෑ අදුරේ…තරු කැට අතරින්
ඔබ එනවානම් – රැදෙන්නම් සිතේ
සීත රැයේ තනිකම නොදැනේ…
නිල් ආකාසේ…පාවී එන්නම්…
පාවී එන්නම්…..

පිණි දිය විසිරුනු ගං ඉවුරේ
දිය රල බිදුනේ ගී හඩ සේ..
ඔබ මා වූ සිහින පැලේ
සෙනෙහේ දැනුනේ…
මල් වරුසාවේ…පාවී එන්නම්
පාවී එන්නම්…..

මල් වරුසාවේ පාවී එන්නම්
රෑ අදුරේ තරු කැට අතරින්
ඔබ එනවානම් රැදෙන්නම් සිතේ
සීත රැයේ තනිකම නොදැනේ
නිල් ආකාසේ…පාවී එන්නම්…
පාවී එන්නම්…",මල් වරුසාවේ,Rain,Flowers,surrounded or enveloped by something beautiful or positive. Used to express the speaker's desire to experience joy happiness or other positive emotions
79,පන්දම,Dhanith Sri,Dhanith Sri,Unkown,පන්දම,2018,"පන්දම රැගෙන යන්න එන්න මා හදවතට
නෙතු දැහැන් බිඳිනා රන් සලුව ඇඳ
ලියතඹර ලෙලවා හද මඬල යට
දෙන්න මැණිකෙ මගෙ පපුවට ගින්දර
මේ දුර දිවි කතරේ අතරමඟදි දැකලා නැතී
රුවකට නෙත ගැටුනේ කතරක වැසි වැටෙනා දැනේ
හදවත පතුලේ යකු බෙර වැයුනේ
තම්දෙන තානේනේ නා
අනේ මගේ යකුනේ නටපන් හනිකේ
තම්දෙන තානේනේ තානේනේ තානානේ
තම්දෙන තානේනේ නා
ඉණ වට බැන්දා වූ මුතු පොට සැලෙනකොට
පන්දම දැවෙනවා හද ගිනි ලවාගෙන
වැහි කළුව එනවා නුඹ නැති දාට
සිත් අහසම පුරවා අන්ධකාරෙක
මේ දුර දිවි කතරේ අතරමඟදි දැකලා නැතී
රුවකට නෙත ගැටුනේ කතරක වැසි වැටෙනා දැනේ
මේ දුර දිවි කතරේ අතරමඟදි දැකලා නැතී
රුවකට නෙත ගැටුනේ කතරක වැසි වැටෙනා දැනේ
හදවත පතුලේ යකු බෙර වැයුනේ
තම්දෙන තානේනේ නා
අනේ මගේ යකුනේ නටපන් හනිකේ
තම්දෙන තානේනේ තානේනේ තානානේ","පන්දම රැගෙන යන්න එන්න මා හදවතට",Love,Fire,Feel intense feelings of love or desire
80,වසන්ත කාලෙට ,Roshan Fernando,Roshan Fernando,Unkown,වසන්ත කාලෙට ,2012,"වසන්ත කාලෙට සුරංගනාවන් අනන්තවත් ඒවී

එපා කියද්දී බලහත්කාරෙන්‍ යහනට කඩාවදී
විනීත තාලෙන් ප්‍රේමාලිංගන
නෙත් කරලිය පාවී
බැහැයි කියද්දි සුරතින්ඇදගෙන
තුරුලේ රඟපාවී
බැහැයි කියද්දි සුරතින්ඇදගෙන
තුරුලේ රඟපාවී
මේ පැහැදිලි සඳපානේ

දඟලන තරු ලැජ්ජාවේ
මැවෙනා සිහින ඟඟේදී
එළිවෙනවා නොදැනේ
මේ පැහැදිලි සඳපානේ

දඟලන තරු ලැජ්ජාවේ

මැවෙනා සිහින ඟඟේදී
එළිවෙනවා නොදැනේ
---------------

වසන්ත කාලෙට සුරංගනාවන්

අනන්තවත් ඒවී
බැහැයි කියද්දී ඇවිටිලි කරමින්
සෙනෙහස ඉල්ලවී
ප්‍රනීත් මදිරා පෙරා පුරාදී
උමතු වෙසින් කැරකී
බැහැයි කියද්දී
සවුදිය පිරුමට යෞවනයම අයදී
බැහැයි කියද්දී
සවුදිය පිරුමට යෞවනයම අයදී
මේ පැහැදිලි සඳපානේ

දඟලන තරු ලැජ්ජාවේ

මැවෙනා සිහින ඟඟේදී
එළිවෙනවා නොදැනේ
මේ පැහැදිලි සඳපානේ
දඟලන තරු ලැජ්ජාවේ
මැවෙනා සිහින ඟඟේදී
එළිවෙනවා නොදැනේ","වසන්ත කාලෙට සුරංගනාවන් අනන්තවත් ඒවී",Success,Spring,Beautiful girls come to you only when you are successful
81,අපි කවුරුද,Senaka Batagoda,Senaka Batagoda,Unkown,අපි කවුරුද,2010,"සී සීකඩ විසිරුනු හිතුවිලි
දියබුබුලේ නලියන පෙනකැටි වාගේ නැතිවේ
හුදකලාවෙ තනිවී හිටියම
සිහින ආකරේක වැටුනා වාගේ නිමක් නෑ
මෙහොතින් මොහොතට ගෙවනා කාලය
දැනෙවා කාටත් එක විදිහට
ගිනියම් ඉර සඳ සිසිලස
අතරේ හොයනවා හොයනවා මේ අපි කවුරුද?
ගීයකි ලොව සිතුවම් කල
අතරේ අහනවා බලනවා මේ අපි කවුරුද?
ඉර බැසයන ගොම්මන් යාමේ
තරු එක එක දිලිසෙන කළු ආකාසේ (ඔව් ඔව් ඔව්)
ගලා ඇදෙන රිද්මේ නැහැවි
ඇදී යන්නෙ ඈතින් ඈතට පාවි සුළඟ සේ
මෙහොතින් මොහොතට ගෙවනා කාලය
දැනෙවා කාටත් එක විදිහට
ගිනියම් ඉර සඳ සිසිලස
අතරේ හොයනවා හොයනවා මේ අපි කවුරුද?
ගීයකි ලොව සිතුවම් කල
අතරේ අහනවා බලනවා මේ අපි කවුරුද?
ගිනියම් ඉර සඳ සිසිලස
අතරේ හොයනවා හොයනවා මේ අපි කවුරුද?
ගීයකි ලොව සිතුවම් කල
අතරේ අහනවා බලනවා මේ අපි කවුරුද?
",ගීයකි ලොව,World,Song,World is a harmonious or meaningful place
82,හීන වලට පණක් ,Senaka Batagoda,Senaka Batagoda,Unkown,හීන වලට පණක් ,2017,"හැමදේම ටිකෙන් ටික
වෙනස් වෙලා වසන්තයට
අලුත් අලුත් හීන මැවෙනවා
මග බලා සිටිය දේවල්
මතු වෙලා ළඟට එන්නට
හීන වලට පණක් තියෙනවා
ගෙවිලා ගිය දේවල්
ඉදිරියෙ වෙන දේවල්
වෙනසක් නැහැ සිදු වේ
ආගිය මග යා යුතු තැන
දන්නෙ තමා ම යි
නිදහසේ නිමක් නැතිව
සිතුවිලි ගඟ ගලා යද්දි
පෙර නුදුටුව හීන මැවෙනවා
සුල මුල හෑම දේම
හිත් වල තෙරපුණාම
යා යුතු ගමනෙ දුර දුරයි
කරනා දේවල් හරියට වේ නම්
වසන්තය එයයි
හැමදේම ටිකෙන් ටිකට
වෙනස් වෙලා වසන්තයට
අලුත් අලුත් හීන මැවෙනවා
මග බලා සිටිය දේවල්
මතු වෙලා ළඟට එන්නට
හීන වලට පණක් තියෙනවා
හීන වලට පණක් තියෙනවා ",හීන වලට පණක් තියෙනවා,Dreams & Imaginations,Life,Dreams are something that is real-meaningful- or significant and that they are capable of having an impact on ones life
83,අනන්තයට යනවාමයි,Senaka Batagoda,Senaka Batagoda,Unkown,අනන්තයට යනවාමයි,2012,"සිහින මවන්නැති අහස උසට තනියම
ළං වෙන්න වෙන්න ඇයි සමහර දුර
ඇහෙන දකින දේවල් කොතරම් තිබුණද
හදට දැනෙන දේවල් ඇයි එතරම් බර
සිරවෙලා නැවතිලා නැතිනම් සීමාවක
නිදහසේ ඉගිලිලා යමු එක රෑනක
හො හෝ හෝ... හො හෝ හෝ...
හො හො හො...
සෑම දෙයම නිම විය හැක නිමේෂයක
එහෙම වුනෝතින් මොනව හිතන්නද
සිහින විමන් වල කවුළු පියන් හැරුනම
අනන්තයට යනවාමයි ඒ මොහොතෙම
සිරවෙලා නැවතිලා නැතිනම් සීමාවක
නිදහසේ ඉගිලිලා යමු එක රෑනක
හො හෝ හෝ... හො හෝ හෝ...
හො හො හො...
සිරවෙලා නැවතිලා නැතිනම් සීමාවක
නිදහසේ ඉගිලිලා යමු එක රෑනක
හො හෝ හෝ... හො හෝ හෝ...
හො හො හො...
",සිහින විමන්,Dreams & Imaginations,Palace,Place where one can find happiness or fulfillment
84,"සද මිතුරි
",Kasun Kalhara,Achala Solomons,Unkown,සද මිතුරි,2012,"ඉගිලෙන්න ඔබ එක්ක ආකාසේ
විදගන්න ඒ සිසිල මා සිත්සේ
මට දෙන්න ඒ වරම
කවදාද ඔබ එන්නෙ
පිනි බින්දු මල් වැහි අරන්
සද මිතුරි
සිත මිහිරි
කල මැනවි
බිදු කදුලු
පිනි පොකුරු
කල මැනවි
මට මම ම වී ඉන්න
ලෝකෙන් ඉදක් නොදෙන
ඈතට වෙලා අපිම අපි වී ඉතින්
නව ලොවට
මුල් අනු දෙන්න
මිල නොවන පෙම් කවිය පබඳින්න
පිනි වැස්ස වස්සන්න
මද්දහන තෙත් වෙන්න
ආදරය දලු ලන්න
මිහිකත මතින්
සිහිනෙ සනහා
කිරණින් දැවෙනා
ඉගිලෙන්න ඔබ එක්ක ආකාසේ
විදගන්න ඒ සිසිල මා සිත්සේ
මට දෙන්න ඒ වරම
කවදාද ඔබ එන්නෙ
පිනි බින්දු මල් වැහි අරන්
සද මිතුරි
සිත මිහිරි
කල මැනවි
බිදු කදුලු
පිනි පොකුරු
කල මැනවි
ජීවිතය විදගන්න
ලෝකෙන් ඉඩක් නොදෙන
ඈතට වෙලා තෙමෙමු
පිනි වැහි පොදින්
ප්රේමයට ප්රේමය වෙන්න
නිල නොවන ජිවිතය පුබුදන්න
පිනි වැස්ස වස්සන්න
මද්දහන තෙත් වෙන්න
ආදරය දලුලන්න
මිහිකත මතින්
සිහිනේ සනහා
කිරණින් දැවෙනා
ඉගිලෙන්න ඔබ එක්ක ආකාසේ
විදගන්න ඒ සිසිල මා සිත්සේ
මට දෙන්න ඒ වරම
කවදාද ඔබ එන්නෙ
පිනි බින්දු මල් වැහි අරන්
සද මිතුරි
සිත මිහිරි
කල මැනවි
බිදු කදුලු
පිනි පොකුරු
කල මැනවි
ඉගිලෙන්න ඔබ එක්ක ආකාසේ
විදගන්න ඒ සිසිල මා සිත්සේ
මට දෙන්න ඒ වරම
කවදාද ඔබ එන්නෙ
පිනි බින්දු මල් වැහි අරන්
සද මිතුරි
සිත මිහිරි
කල මැනවි
බිදු කදුලු
පිනි පොකුරු
කල මැනවි",සද මිතුරි,Girls,Moon,A girl who is very attractive or captivating and who has a peaceful or serene demeanor
85,අළු යට ගිනි ,Senaka Batagoda,Senaka Batagoda,Unkown,අළු යට ගිනි ,2010,"පුපුරන්නට යන කන්දක් ලග
සුවසේ ඉන්නට බෑ
අවදානම කොයි මොහොතෙද!
ජීවිතයම සීමා කොටු තුල
සිරවී සිටියාද හිතෙනවා බැලුවම
පසුගිය කාලය
වෙනසක් විය යුතුමයි ජීවිතයට
කවදද කොහොමද නොදනී හරියට
අළු යට ගිනි වැනි හිතුවිලි
අපිව වසාගෙන කොහෙදො ඈතක යනවා...
සීතල කදු වැටියෙන් ඔබේ
නිල්ල පිරුණු මිටියාවත
තොතැන්නකි හැමදෙටම ...
ජීවිතයට අගයක් වන වේනම්
සිතුවිලි වල සුවඳ දැනෙනම් තව
වෙන මොනවද?
වෙනසක් විය යුතුමයි ජීවිතයට
කවදද කොහොමද නොදනී හරියට
අළු යට ගිනි වැනි හිතුවිලි
අපිව වසාගෙන කොහෙදො ඈතක යනවා...
අළු යට ගිනි වැනි හිතුවිලි
අපිව වසාගෙන කොහෙදො ඈතක යනවා...
අළු යට ගිනි
",අළු යට ගිනි වැනි හිතුවිලි,Dreams & Imaginations,Fire below ashes,Deep or powerful emotions that are not immediately visible
86,සරාගයේ,Sanuka Wickramasinghe,Sanuka Wickramasinghe,Unkown,සරාගයේ,2016,"නිය රටා
මවනවා
අප'තරේ වූ කතා
රැය පුරා
උණුහුමේ මල් පෙති තලා
සයනයත්
නිදනවා
මේ රැය අපගේ වූ නිසා
ආදරෙන්
නග්න වූ හිමිකම් සොයා
උණුසුම් උදයක සුවඳින් ගත පිබිදී ගියා
ඔබේ නම සොයනව තාමත් නිය සිතුවම් පුරා
සරාගයේ
රැයේ
පිණි බිඳුවක් වී වැටී
මා සිතේ හිඩසක් මවා
යහන් තලේ
වැතිරී
අද තනිකම ඉතුරු වී
සඳ ඇතිරිල්ලෙන් වෙලී
තනි උනා
කාමරේ
මුළු පුරා
නෙක සළු පිළි තනිවෙලා
මා සිතින්
හඬනවා දෙස බල බලා
මංමුලා
වූ සිතින්
මා මල් සුවඳක් විඳිනවා
නැති ඉමක්
ඇති රුවක් හා මා වෙලී
උණුසුම් උදයක සුවඳින් ගත පිබිදී ගියා
ඔබේ නම සොයනව තාමත් නිය සිතුවම් පුරා
සරාගයේ
රැයේ
පිණිබිඳුවක් වී වැටී
මා සිතේ හිඩසක් මවා
යහන් තලේ
වැතිරී
අද තනිකම ඉතුරු වී
සඳ ඇතිරිල්ලෙන් වෙලී
තනි උනා
සරාගයේ
රැයේ
පිණි බිඳුවක් වී වැටී
මා සිතේ හිඩසක් මවා
යහන් තලේ
වැතිරී
අද තනිකම ඉතුරු වී
සඳ ඇතිරිල්ලෙන් වෙලී
සරාගයේ
රැයේ
පිණි බිඳුවක් වී වැටී
මා සිතේ හිඩසක් මවා
යහන්තලේ
වැතිරී
අද තනිකම ඉතුරු වී
සඳ ඇතිරිල්ලෙන් වෙලී
තනි උනා
",සඳ ඇතිරිල්ලෙන්,Blanket,Moon,Something that has a calming or restful effect or that provides comfort or security
87,රන් කුරහන් මල ,Bathiya and Santhush,"Wasantha Dukgannarala
",Unkown,රන් කුරහන් මල ,2013,"නානානේ නානනෙ නානා
නානානේ නානනෙ නානා
නාතම්දෙ නාතම්දේ නානා
නාතම්දෙ නාතම්දේ නානා
රන් කුරහන් මල සේමා
සුපිපුණු ඔබේ වත බෝමා
දැක්ක ගමන් සිත සැලෙනා
ප්රේමී නුඹේ අත ඕනා
දැක්ක ගමන් සිත සැලෙනා
ප්රේමී නුඹේ අත ඕනා
මල් මසුරන් ගී ඇසෙනා
ගම්මානේ මා මන බඳිනා
නානානේ නානනෙ නානා
නානානේ නානනෙ නානා
නාතම්දෙ නාතම්දේ නානා
නාතම්දෙ නාතම්දේ නානා
සෘංගාරේ උතුරන බෝමා
නෙරිය අඟින් ඉඟ පෙන්නා
පාන සිනාවෙන් පේනා
නිල්මිණි කැලුමන් සේමා
පාන සිනාවෙන් පේනා
නිල්මිණි කැලුමන් සේමා
හිරිමල් හිත හිරිවැටුණා
කුළුදුල් සිත කිතිකැවුණා
නානානේ නානනෙ නානා
නානානේ නානනෙ නානා
නාතම්දෙ නාතම්දේ නානා
නාතම්දෙ නාතම්දේ නානා
නානානේ නානනෙ නානා
නානානේ නානනෙ නානා
නාතම්දෙ නාතම්දේ නානා
නාතම්දෙ නාතම්දේ නානා
",සුපිපුණු ඔබේ වත,Face,Flowers,Someone s face has become very beautiful or radiant as if it were a flower that has blossomed
88,කිරි කෝඩු,Bathiya and Santhush,Nilar N. Cassim,Unkown,නේත්තරා,2005,"කිරි කෝඩු හිතට ආල නුඹේ දෑස යාවුනා
මගේ කෝල කමට ලෝල හැඟුම නුඹට පේවුණා
සබදේ සුවඳේ කුළුඳුල් ආදරේ
උතුරා ගැලුවේ අම මී ජීවිතේ
කිරි කෝඩු හිතට ආල නුඹේ දෑස යාවුනා
මගේ කෝල කමට ලෝල හැඟුම නුඹට පේවුණා
සුපෙම් නුවන් විමසාවි රෑ දිවා
ඔබ රූ අඳුන් දසුනින් දුරයි කියා
ඔය පෙම් තෙපුල් මදහාස පෑ නියා
ළය ගිම් නිවු සිහිලාර වෑහුනා
මතු මා පැතු කිසිවක් නොවේ
සැනසීම වේ ආදරේ
Haahahahaha hahahahaaa haahahaahaha
Haahahahaha hahahahaaa haahahaahaha
මතු මා පැතු කිසිවක් නොවේ
සැනසීම වේ ආදරේ
සිතුම් පැතුම් ඉටුවේවි වාසනා
අඳුරෙන් මිදී සඳ ඒවි පායලා
ඔබ මේ පිදු සෙවනේම ඈදිලා
මගේ ජීවිතේ නවතීවි පා සිනා
මෙතුවක් ලැබූ කිසිවක් නොවේ
සැනසීම වේ ආදරේ
කිරි කෝඩු හිතට ආල නුඹේ දෑස යාවුනා
මගේ කෝල කමට ලෝල හැඟුම නුඹට පේවුණා
සබදේ සුවඳේ කුළුඳුල් ආදරේ
උතුර ගැලුවේ අම මී ජීවිතේ
කිරි කෝඩු හිතට ආල නුඹේ දෑස යාවුනා
මගේ කෝලා කමට ලෝල හැඟුම නුඹට පේවුණා",පෙම් තෙපුල්,Lips,Love,Someone who is very affectionate or loving
89,"චාන්දනී පායලා
",Bathiya and Santhush,Nilar N. Cassim,Unkown,නේත්තරා,2005,"චාන්දනී පායලා
සීත සැලුවා මේ රාත්රියේ
ජීවිතේ අවපසයි
මං තවම සීතල කළුවරේ
මේ කුළු මතින් ඇදී
ඔබ එන්න මා කෙරේ
ඔබ වේද මතුදාක
මා ලබන රම්බරී
චාන්දනී පායලා
සීත සැලුවා මේ රාත්රියේ
ජීවිතේ හිස්කමින්
තුන් යාමයේ
හිත් පෑරුනේ සත්තකින් ඔබය
හද රැන්දු සුරඹුන්
ඒ හැඟුම් කොයි ලෙසින් සිත්සේ
පවසම්ද සොඳුරේ
පෙම් හැඟුම් මතකයේ රංචු ගැහුනා
යටි හිතේ පොපියමින් හීන මැවුනා
පෙම් හැඟුම් මතකයේ රංචු ගැහුනා
යටි හිතේ පොපියමින් හීන මැවුනා
සන්සුන් සුසුම් ද කැළඹි
ඇයිද මොකදැයි ඇහුවා
රාගයේ චන්ද්ර හැඟුමන්
රණ්ඩු කෙරුවා
මං කෙසේ කොයි ලෙසේ මුමුණ
මේ ශෝක ගීතේ
කවුරුවත් දන්නෙ නෑ දැන් මේ
මං ඉන්නෙ හිරගේ
චාන්දනී පායලා
සීත සැලුවා මේ රාත්රියේ
ජීවිතේ අවපසයි
මං තවම සීතල කළුවරේ
මේ කුළු මතින් ඇදී
ඔබ එන්න මා කෙරේ
ඔබ වේද මතුදාක
මා ලබන රම්බරී
යන්තමින් නුවනඟින් කඳුළු එබිලා
දෙකොපුලෙන් හෙමි හෙමින් සීත ගැලුවා
යන්තමින් නුවනඟින් කඳුළු එබිලා
දෙකොපුලෙන් හෙමි හෙමින් සීත ගැලුවා
දිවි ගිම් නිවෙන්න පැතුවේ
මදුර ස්වරයයි ඔබගේ
ආදරේ හීනයක් නම්
හැබෑ නොවෙනා
මං කෙසේ දැවි දැවී ඉන්නෙ
මේ වේදනාවෙන්
ඇස් අගින් ඔබ ලියූ කවි ගී
මුමුණන්න මුවඟින්
ඔය මන්දහාසයෙන්
සැනහේවි ජීවිතේ
සෝතාප සඟවන්න
ඔබ එන්න ආදරෙන්
චාන්දනී පායලා
සීත සැලුවා මේ රාත්රියේ
ජීවිතේ අවපසයි
මං තවම සීතල කළුවරේ
මේ කුළු මතින් ඇදී
ඔබ එන්න මා කෙරේ
ඔබ වේද මතුදාක
මා ලබන රම්බරී
චාන්දනී පායලා
සීත සැලුවා මේ රාත්රියේ
ජීවිතේ හිස්කමින්
තුන් යාමයේ
හිත් පෑරුනේ සත්තකින් ඔබය
හද රැන්දු සුරඹුන්
ඒ හැඟුම් කොයි ලෙසින් සිත්සේ
පවසම්ද සොඳුරේ
",ආදරේ හීනයක්,Love,Dreams & Imaginations,Love is something that is desirable or aspirational and that one longs for it or hopes to experience it in their life
90,රන්වන් මල්දම්,Centigradz,Centigradz,Unkown,රන්වන් මල්දම්,2009,"රන්වන් මල්දම් සොද ගොතා මා අතින්
ගෙන නිල් වරලස හැඩ දමා සිතින්
මන්මත් කරදා මුදු සිනහ මල් සරින්
සැනසෙන්නම් සොඳුර නුඹ මතින්
රන්වන් මල්දම් සොද ගොතා මා අතින්
ගෙන නිල් වරලස හැඩ දමා සිතින්
මන්මත් කරදා මුදු සිනහ මල් සරින්
සැනහෙන්නම් සොඳුර නුඹ මතින්
ඔය මුදු පහසෙ දැවටෙන්න මගෙ ජීවිතේ
සඳ කිරණක්ව සරසන්න මගෙ ආදරේ
මට පවසන්න ඔය නෙතඟෙ බැඳි ආදරේ
මගෙ හිත තාම නුඹ ගාව රැඳිලා තියේ
තුරුලට රැගෙන ආදරෙන් සිඹිමින්
හැඟුමක පැහැය නුඹෙ දෙතොලෙ තබමින්
හෙමිහිට ළමැද මත හුස්ම තබමින්
සෙනෙහෙස පතමි නුඹෙ දැහැනෙ රැඳෙමින්
තුරුලට රැගෙන ආදරෙන් සිඹිමින්
හැඟුමක පැහැය නුඹෙ දෙතොලෙ තබමින්
යහනක සතපවා සිහින දකිමින්
මියැදුණු සඳක නුඹ පතමි ස්නේහෙන්
ඔය මුදු පහසෙ දැවටෙන්න මගෙ ජීවිතේ
සඳ කිරණක්ව සරසන්න මගෙ ආදරේ
මට පවසන්න ඔය නෙතඟෙ බැඳි ආදරේ
මගෙ හිත තාම නුඹ ගාව රැඳිලා තියේ",මියැදුණු සඳක නුඹ පතමි,Life,Moon,Wish a girl by hopless life
91,මා ඉතින් යන්න යනවා,Sunil Edirisinghe,Rathna Sri Wijesinghe,Unkown,මා ඉතින් යන්න යනවා,2000,මා ඉතින් යන්න යනවා මට යන්න අවසරයි මට අරන් යන්න ඇත්තේ ඒ මතකය විතරයි නුඹ සඳක් වෙලා පායා මට එළිය වුණු වගයි නුඹ සඳක් සේම බැස යයි මට ඉතිරි කළුවරයි මගෙ මතක එපමණයි මා ඉතින්... සඳ එළිය අයිති ලොවටයි සඳ අයිති අහසටයි පිණි කඳුළු බිංදු විතරක් මේ බිමට වැටෙනු ඇයි මට උරුම එපමණයි මා ඉතින්...,නුඹ සඳක් වෙලා පායා මට එළිය වුණු වගයි,Moon,You,You light up my world like the moon
92,සීතල දිය පිරි සුනිල විලයි,Sunil Edirisinghe,Mahagamasekara,Unkown,සීතල දිය පිරි සුනිල විලයි,2000,"සීතල දිය පිරි සුනිල විලයි....
 ඒ විල මැද ඔබ සුවඳ මලයි ....
 ගිමන් නිවාලන සුළං රැලක් වී
 ඔබේ සිනා මට පවන් සලයි.....
 
 අසරණ වී මා ජීවිත කතරේ
 අන්ධකාරයේ සැරිසැරුවා
 ඔබේ නිහඬ නෙත ඈත සිතිජයෙන්
 උදාවෙලා මට අත වැනුවා
 
 දෑසට නොපෙනෙන ඝන නිල් අඳුරේ
 ඔබේ හදින් මා දෙස බැලුවා
 දෑසට නොපෙනෙන මා හද පතුලේ
 සුන්දරතාවය ඔබ දුටුවා
 
 ඔබේ කුසුම ඔබ දෝතින් අරගෙන
 ආදරයෙන් මා වෙත පිදුවා
 ඒ මොහොතෙම තව සිය දහසක් මල්
 මා වට කර හැමතැන පිපුණා","ඔබ සුවඳ මලයි;ගිමන් නිවාලන සුළං රැලක් වී
 ඔබේ සිනා",Fragrant flower,Smile,You adorn my life as a flower perfumes a lake; your laughter relieves my fatigue as a breeze relieves fatigue
93,නිම් තෙරක් නොදුටු ,Sunil Edirisinghe,Bandula Nanayakkara,Unkown,නිම් තෙරක් නොදුටු ,2000,නිම් තෙරක් නොදුටු මේ ලෝකයේ රුදු සපුන් නිබඳ සරනා බිමේ // ඔබේ සිනා වත මගේ නවාතැන අරුණු විහිදුවාවී ජීවිතයේ රැල් නගා ගලන ගංගා දියේ මං වසා දමනු හැකිදෝ කෙසේ // සොයා සයුරු දිය හඹා ඇවිත් ගඟ සදා සැඟව යාවී සාගරයේ සිල් බිඳී මුවන් කැලඹූ වනේ බිම නොලා නෙලූ ඵල මාවතේ // සදා ඔබේ ගිම් බෙදාගනිම් මම් තැවුල් සැඟව යාවී මාරුතයේ නිම් තෙරක් නොදුටු මේ..,ඔබේ සිනා වත මගේ නවාතැන,Home,Smile,Your smile is a comforting shelter in my life
94,හදේ කොතැනක,Sunil Edirisinghe,Kumaradasa Saputhanthri,Unkown,හදේ කොතැනක,2000,හදේ කොතැනක හෝ හිඳී ඔබ නිදා නොනිදා මෙන් බලා අවසර සොයා කල් දැන වෙලා හස රැහැනින් පෙළයි මා මුදා සුව දැහැනින් // සයුර ඉම රත් සිතිජ රේඛාවේ මියෙන හිරු සේ ගිලී ගිම් අඳුරේ තලා මා සිත පලා ගිය ඔබ දවයි මා….හද තනිවෙනා මොහොතින් හදේ කොතැනක... උතුම් පිවිතුරු ප්‍රේමයේ නාමෙන් සහස් සුවහස් පැතුම් බල මහිමෙන් ඉනූ කඳුලද සිඳෙන්නට පෙර යදින්නම්…. ඔබ මැකී යනු මතකෙන් හදේ කොතැනක…,සයුර ඉම රත් සිතිජ රේඛාවේ මියෙන හිරු සේ ගිලී ගිම් අඳුරේ තලා මා සිත පලා ගිය ඔබ දවයි මා,Sun,My feelings,As the setting sun darkens a world on the horizon you leave me in agony
95,හඬන පන නල යදින,Sunil Edirisinghe,K.D.K. Dharmawardane,Unkown,හඬන පන නල යදින,2000,"හඬන පන නල යදින සැනසුම
 දැවී යයි හද චිතකයේ
 කඳුලු බිඳුවක සිසිල පමනකි
 වියලි කතරට හිමි වුනේ . .
 
 යොවුන් සිතිවිලි විපිලිසර වී
 මහළු ලොව තුල මිය ඇදේ
 සයින් පීඩිත හඬන සුරගුරු
 යදී සිඟමන් මාවතේ
 
 රකුසු පියසක පිපුනු කුසුමක
 මලවි හමුවන පින නැතේ
 දෑස නැති විට නුහුරු මංපෙත
 සරන පා යුග පටලැවේ",දෑස නැති විට නුහුරු මංපෙත සරන පා යුග පටලැවේ,Unfamiliar road,Love,When there are no eyes it is difficult to go through the unfamiliar journey of life alone without shelter or love
96,මිනිසකු පිට නැගී අසරුවෙකි,Sunil Edirisinghe,Premakeerthi De Alwis,Unkown,මිනිසකු පිට නැගී අසරුවෙකි,2000,"මිනිසකු පිට නැගී අසරුවෙකි
 ඒ බර ගෙයි වහලට බරකි
 පාන්දරින් පැරදුන ඒ මිනිහා
 හැන්දෑවෙත් අසු පිටට නගී....
 
 හෙට මම ගෙදරට සුර සැප දෙනවා
 අද රෑ ලුණුමිරිසෙන් ගතවෙනවා
 කාසි මල්ල සතෙකුගේ පිට යනවා
 දු දරුවන් පැදුරේ නිදියනවා....
 
 ඉරණම විසදුම සතෙකුට දෙනවා
 තිරිසනෙකුට මිනිසකු පරදිනවා
 දරුවන් බිරිදත් ගිනි උහුලනවා
 හීනෙන් නුබ තව ගෙවල් හදනවා",ඒ බර ගෙයි වහලට බරකි,Home roof,Cost of living,The burden of wealth in the home is felt by the loss of wealth caused by someone's gambling addiction
97,දෙවැනි බුදුන් ලෙස,Sunil Edirisinghe,Sunil Ariyarathne,Unkown,දෙවැනි බුදුන් ලෙස,2000,දෙවැනි බුදුන් ලෙස ලොවම උවම් කල ලොවක පිදුම් ලද ලොවට උතුම් ලඳ අම්මා.....අම්මා..... දෙසවන් සනහා මා නැලවූ ඔබ මියුරු මියැසියේ අරුත කියා දුනි ඒ මියැසිය අද මා ගයනා විට මා සිපගන්නට ඔබ මා ලඟ නැත අම්මා....අම්මා..... ඇසට හඬන්නට කඳුලැලි දුන් ඔබ ලතැවුල් දරනා දිරිය ලබා දුනි ඒ දිරියෙන් ලොව ජය ලබනා විට මා සිපගන්නට ඔබ මා ලඟ නැත අම්මා....අම්මා..... දෙවැනි බුදුන් ලෙස...,දෙවැනි බුදුන් ලෙස ලොවම උවම් කල ලොවක පිදුම් ලද ලොවට උතුම් ලඳ අම්මා.,Second Buddha,Mother,Mother is like a second Buddha who comforts people and guides them on the right path
98,මිනිසා සුවඳයි මල සේ,Sunil Edirisinghe,Kumaradasa Saputhanthri,Unkown,මිනිසා සුවඳයි මල සේ,2000,මිනිසා සුවඳයි මල සේ නුවණින් එළියයි හිරු සේ පරවී වැටිලා ඒ හිරු මල මේ දෙරණේ පොළවේ උරුමේ කියමින් බිලිදී විහිඟුම් ගුණදම් දහසින් මියෙනා සටනින් අඟලේ හිමිකම් සොයමින් ලොව නහවා සෝ කඳුලින් සැනහේ ජය පැන් පුරමින් මිනිසා සුවඳයි.... උණු ලේ විෂ වී සිරුරේ ඉසුරන් ගැටෙනා අතරේ ගිනි මල් පිපිලා අහසේ ඇවිලේ ගිනි දැල් සයුරේ සා පවසින් ඉකි බිඳිනා සුසුමෙන් යදියන් හෙලනා මිනිසා සුවඳයි...,උණු ලේ විෂ වී සිරුරේ ඉසුරන් ගැටෙනා අතරේ ගිනි මල් පිපිලා අහසේ ඇවිලේ ගිනි දැල්,Fire flowers in the sky,Blood,The hot blood poisons and collides with the body like a fire in the sky
99,"රෝද හතරේ මාලිගාව",Asanga Priyamantha Peiris,Asanga Priyamantha Peiris,Unkown,"රෝද හතරේ මාලිගාව",2009,"රෝද හතරේ මාලිගාව
කලුවර වීදුරු ගුහාව
රෝද හතරේ මාලිගාව
කලුවර වීදුරු ගුහාව
පිටුපස දූවිලි වලාව
පිටුපස දූවිලි වලාව
කැරකෙනවා...
අපි අයින් වෙලා
පයින් යමු පුතේ...
ඇතුල නුවරඑලිය වගේ
පිටතින් කළුවලා නැගේ
බාගෙට සිංහල බාගෙට
ඉංගීසිය මරන රගේ
ඉංගීසිය මරන රගේ
රෝද හතරේ මාලිගාව
කලුවර වීදුරු ගුහාව
රෝද හතරේ මාලිගාව
කලුවර වීදුරු ගුහාව
පිටුපස දූවිලි වලාව
පිටුපස දූවිලි වලාව
කැරකෙනවා...
අපි අයින් වෙලා
පයින් යමු පුතේ...
රන්පොටවල් දිලිසෙනවා
ළාදළු සේ බැබලෙනවා
චීස් බටර් වලින් තැනූ
දෙව් රූපය ඇවිදිනවා
රෝද හතරේ මාලිගාව
කලුවර වීදුරු ගුහාව
රෝද හතරේ මාලිගාව
කලුවර වීදුරු ගුහාව
පිටුපස දූවිලි වලාව
පිටුපස දූවිලි වලාව
කැරකෙනවා...
අපි අයින් වෙලා
පයින් යමු පුතේ.","රෝද හතරේ මාලිගාව
",Vehicle,Palace,Palace with wheels
100,"පායා ආ සඳ අඳුරු වළාවෙන්
මා ඉදිරියෙදිම වැසුනා",Milton Mallawaarachchi,Milton Mallawaarachchi,Unkown,"පායා ආ සඳ අඳුරු වළාවෙන්
මා ඉදිරියෙදිම වැසුනා",2000,"පායා ආ සඳ අඳුරු වළාවෙන්
මා ඉදිරියෙදිම වැසුනා
සෝකය තාපය පාළුව අතරේ
ඉකිබිඳ හැඬුවා ඇසුණා
පායා ආ සඳ අඳුරු වළාවෙන්
මා ඉදිරියෙදිම වැසුනා
හද විමනේ බිතු සිතුවම්
කිලිටි කළේ ඔබෙ දෑතයි
කිලිටි කළේ ඔබෙ දෑතයි
නොපැතු වියෝගයෙ මහ වරුසාවෙන්
දෑත දෙපය මගෙ සීතයි
දෑත දෙපය මගෙ සීතයි
පායා ආ සඳ අඳුරු වළාවෙන්
මා ඉදිරියෙදිම වැසුනා
ඔබ පැමිණී ඔබම ගියා
නැවතුණ තැන මම ඉන්නම්
නැවතුණ තැන මම ඉන්නම
මගෙ සහයෝගය පතන වෙලාවේ
කොහි සිට හෝ යළි එන්නම්
කොහි සිට හෝ යළි එන්නම්
පායා ආ සඳ අඳුරු වළාවෙන්
මා ඉදිරියෙදිම වැසුනා
සෝකය තාපය පාළුව අතරේ
ඉකිබිඳ හැඬුවා ඇසුණා
පායා ආ සඳ අඳුරු වළාවෙන්
මා ඉදිරියෙදිම වැසුනා","පායා ආ සඳ අඳුරු වළාවෙන්
මා ඉදිරියෙදිම වැසුනා",Faith,Moon,Beak  strong faith infront of someone
101,ජීවිතයේ හොදම හරිය,Chamara Weerasinghe,Chamara Weerasinghe,Unkown,ජීවිතයේ හොදම හරිය,2013,"ජීවිතයේ හොදම හරිය
අවුල් වෙලා යද්දී
තමා අතට තම අතවත්
සෙවනක් නැති වෙද්දී
විරිත්තන්ඩ දහස් ගනන්
මග බලාන ඉද්දී
නුඹට සැපක් දෝ
මේ ඇස් කදුලින් තෙත් වෙද්දී

මල් නටුවට පිණිබිදුවක්
බර වැඩි නැති හින්දා
මල් රේනුව හිස නමාන
මේ ලෝකෙට වැන්දා
හින පොකුරු හිත පුරෝනා
අපි කසාද බැන්දා
මංගල රෑ එලිවෙනතුරු
නුඹ සමාව යැද්දා

ජීවිතයේ හොදම හරිය
අවුල් වෙලා යද්දී
තමා අතට තම අතවත්
සෙවනක් නැති වෙද්දී
විරිත්තන්ඩ දහස් ගනන්
මග බලාන ඉද්දී
නුඹට සැපක් දෝ
මේ ඇස් කදුලින් තෙත් වෙද්දී

මුළු ලෝකෙට හොද මූනක්
පෙන්නන්නට හන්දා
ඔබ වෙනුවෙන් මේ වෙනතුරු
අපමණ දුක් වින්දා
තව දුරටත් ඒ ගැන නම්
කියන්න බැරි හන්දා
ගැනියකට සමාව දී
රැවටුනාද මන්දා


ජීවිතයේ හොදම හරිය
අවුල් වෙලා යද්දී
තමා අතට තම අතවත්
සෙවනක් නැති වෙද්දී
විරිත්තන්ඩ දහස් ගනන්
මග බලාන ඉද්දී
නුඹට සැපක් දෝ
මේ ඇස් කදුලින් තෙත් වෙද්දී","මල් නටුවට පිණිබිදුවක්
බර වැඩි නැති හින්දා",Life partner,Water on the flower,Live forever with life partner
102,බැද්දට සඳ වගේ,Chamara Weerasingha,Roshan Fernando,Unkown,බැද්දට සඳ වගේ,2010,"බැද්දට සඳ වගේ ගෝමරි මල් මද කැකුළියේ
රන්දාපාමිනේ නැතියේ රන්කඳ වී මගේ
මං බැද්දේ ගොහින් බමර කොටක්
ගෙනැල්ලා දෙන්නම්
ගම් බැද්දෙ ගොහින් ගෝතම් පොජ්ජක්
ගෙනැල්ල දෙන්නම්

මහ හූරෝ සහේට ගන්නට හැදුවට
යන්ට එපා උඹ යන්ට එපා
හිත්ලෑව මේ ඇත්තෝ අහක දමා
හිත්ලෑව මේ ඇත්තෝ අහක දමා

මහ බල ඇති කළු බණ්ඩාර දෙවියන්ට
යදිනවා මං යදිනවා
මගෙ ගෑනි සහේට ගන්ට හිතා
මගෙ ගෑනි සහේට ගන්ට හිතා",බැද්දට සඳ වගේ,Girls,Moon,Beautiful girl
103,නෞකාවේ,Dhanith Sri,Dhanith Sri,Dhanith Sri,නෞකාවේ,2018,"ඇදී යන්නේ
මේ දිගන්තේ මාරුතේ හැපී
මන්දාකිණි හමුවේවිදෝ
අහස් ගග තරණයේ

වසන්තේ
දුරයිදෝ
කෙසේ හෝ ලංවේවිදෝ
අනන්තේ දකියිදෝ
නිම් තෙර හමුවන තුරා

නෞකාවේ
ගමනේ
නෞකාවේ
ගමනේ

තරමක උසට වැඩුනු
හය හතරක ඇඟකට
උරුම කරුවෙකු
නොවන මගෙ පපුවට
ලොකු පොඩි හැම දෙයක්ම දැනුනා
මග බලන බලන තැන
හුස්මට දුවගෙන
තරුම හොයන් යන
මේ දිවි ගමනක
කෙළවර එක බව මට දැනුනා

වසන්තේ
දුරයිදෝ
කෙසේ හෝ ලංවේවිදෝ
අනන්තේ දකියිදෝ
නිම් තෙර හමුවන තුරා

නිමා වෙන්නේ මේ ජීවේ
රිද්මයකට හුරු වූ
හඹා යන්නේ මායාවේ
අතීතයම රැවටු

වසන්තේ
දුරයිදෝ
කෙසේ හෝ ලංවේවිදෝ
අනන්තේ දකියිදෝ
නිම් තෙර හමුවන තුරා

ගමනේ
නෞකාවේ
ගමනේ
නෞකාවේ
ගමනේ

නෞකාවේ
ගමනේ
ඇදී යන්නේ
මේ දිගන්තේ
මාරුතේ හැපී",වසන්තේ දුරයිදෝ,Life,Spring,Is a good life far away